Strike,Moneyness,Bid,Mid,Ask,Latest,Change,%Change,Volume,"Open Int","OI Chg",IV,Delta,Type,Time
200.00,+97.10%,"6,661.60","6,673.60","6,685.60","6,661.65",+40.37,+0.61%,2,16,unch,0.00%,0.0000,Call,02/24/26
400.00,+94.19%,"6,463.40","6,475.40","6,487.40","6,485.88",unch,unch,0,24,unch,0.00%,0.0000,Call,02/17/26
600.00,+91.29%,"6,265.20","6,277.20","6,289.20",0.00,unch,unch,0,0,unch,0.00%,0.0000,Call,N/A
800.00,+88.39%,"6,067.00","6,079.00","6,091.00",0.00,unch,unch,0,0,unch,0.00%,0.0000,Call,N/A
"1,000.00",+85.49%,"5,868.90","5,880.90","5,892.90","5,856.72",unch,unch,0,634,unch,0.00%,0.0000,Call,10/02/25
"1,200.00",+82.58%,"5,670.70","5,682.70","5,694.70",0.00,unch,unch,0,0,unch,0.00%,0.0000,Call,N/A
"1,400.00",+79.68%,"5,472.50","5,484.50","5,496.50",0.00,unch,unch,0,0,unch,0.00%,0.0000,Call,N/A
"1,600.00",+76.78%,"5,274.40","5,286.40","5,298.40",0.00,unch,unch,0,0,unch,0.00%,0.0000,Call,N/A
"1,800.00",+73.88%,"5,076.30","5,088.30","5,100.30","4,822.85",unch,unch,0,1,unch,0.00%,0.0000,Call,11/18/25
"2,000.00",+70.97%,"4,878.20","4,890.20","4,902.20","4,950.63",unch,unch,0,95,unch,0.00%,0.0000,Call,01/16/26
"2,200.00",+68.07%,"4,680.10","4,692.10","4,704.10",0.00,unch,unch,0,0,unch,0.00%,0.0000,Call,N/A
"2,300.00",+66.62%,"4,581.10","4,593.10","4,605.10",0.00,unch,unch,0,0,unch,0.00%,0.0000,Call,N/A
"2,400.00",+65.17%,"4,482.10","4,494.10","4,506.10",0.00,unch,unch,0,4,unch,0.00%,0.0000,Call,N/A
"2,500.00",+63.72%,"4,387.00","4,395.20","4,403.40",0.00,unch,unch,0,0,unch,0.00%,0.0000,Call,N/A
"2,600.00",+62.26%,"4,287.90","4,296.15","4,304.40",0.00,unch,unch,0,0,unch,0.00%,0.0000,Call,N/A
"2,700.00",+60.81%,"4,189.00","4,197.30","4,205.60",0.00,unch,unch,0,0,unch,0.00%,0.0000,Call,N/A
"2,800.00",+59.36%,"4,090.20","4,098.40","4,106.60",0.00,unch,unch,0,0,unch,0.00%,0.0000,Call,N/A
"2,900.00",+57.91%,"3,991.70","3,999.65","4,007.60",0.00,unch,unch,0,0,unch,0.00%,0.0000,Call,N/A
"3,000.00",+56.46%,"3,892.90","3,900.75","3,908.60","3,900.97",unch,unch,0,37,unch,0.00%,0.0000,Call,01/23/26
"3,100.00",+55.01%,"3,794.10","3,801.80","3,809.50","3,766.86",unch,unch,0,2,unch,0.00%,0.0000,Call,02/12/26
"3,200.00",+53.56%,"3,695.40","3,702.95","3,710.50","3,690.87",+39.67,+1.09%,2,16,unch,0.00%,0.0000,Call,02/24/26
"3,250.00",+52.83%,"3,646.00","3,652.85","3,659.70",0.00,unch,unch,0,0,unch,0.00%,0.0000,Call,N/A
"3,300.00",+52.10%,"3,596.40","3,603.85","3,611.30","3,473.60",unch,unch,0,2,unch,0.00%,0.0000,Call,10/07/25
"3,350.00",+51.38%,"3,547.30","3,554.65","3,562.00",0.00,unch,unch,0,0,unch,0.00%,0.0000,Call,N/A
"3,400.00",+50.65%,"3,498.10","3,505.35","3,512.60","3,555.93",unch,unch,0,2,unch,0.00%,0.0000,Call,01/23/26
"3,450.00",+49.93%,"3,448.30","3,455.75","3,463.20",0.00,unch,unch,0,0,unch,0.00%,0.0000,Call,N/A
"3,500.00",+49.20%,"3,399.30","3,406.50","3,413.70",0.00,unch,unch,0,0,unch,0.00%,0.0000,Call,N/A
"3,550.00",+48.48%,"3,350.00","3,357.15","3,364.30",0.00,unch,unch,0,0,unch,0.00%,0.0000,Call,N/A
"3,600.00",+47.75%,"3,300.80","3,307.25","3,313.70",0.00,unch,unch,0,0,unch,0.00%,0.0000,Call,N/A
"3,650.00",+47.03%,"3,251.60","3,258.05","3,264.50",0.00,unch,unch,0,0,unch,0.00%,0.0000,Call,N/A
"3,700.00",+46.30%,"3,202.30","3,208.55","3,214.80",0.00,unch,unch,0,0,unch,0.00%,0.0000,Call,N/A
"3,750.00",+45.57%,"3,153.00","3,159.20","3,165.40",0.00,unch,unch,0,0,unch,0.00%,0.0000,Call,N/A
"3,775.00",+45.21%,"3,128.20","3,134.50","3,140.80",0.00,unch,unch,0,0,unch,0.00%,0.0000,Call,N/A
"3,800.00",+44.85%,"3,103.90","3,110.10","3,116.30",0.00,unch,unch,0,1,unch,0.00%,0.0000,Call,N/A
"3,825.00",+44.49%,"3,079.10","3,085.25","3,091.40",0.00,unch,unch,0,0,unch,0.00%,0.0000,Call,N/A
"3,850.00",+44.12%,"3,054.30","3,061.05","3,067.80",0.00,unch,unch,0,0,unch,0.00%,0.0000,Call,N/A
"3,875.00",+43.76%,"3,030.00","3,036.00","3,042.00",0.00,unch,unch,0,0,unch,0.00%,0.0000,Call,N/A
"3,900.00",+43.40%,"3,005.30","3,011.45","3,017.60",0.00,unch,unch,0,2,unch,0.00%,0.0000,Call,N/A
"3,925.00",+43.03%,"2,980.20","2,987.00","2,993.80",0.00,unch,unch,0,0,unch,0.00%,0.0000,Call,N/A
"3,950.00",+42.67%,"2,956.10","2,962.05","2,968.00",0.00,unch,unch,0,0,unch,0.00%,0.0000,Call,N/A
"3,975.00",+42.31%,"2,931.50","2,937.45","2,943.40","2,825.25",unch,unch,0,2,unch,0.00%,0.0000,Call,10/15/25
"4,000.00",+41.95%,"2,906.60","2,912.65","2,918.70","2,695.30",unch,unch,0,18,unch,0.00%,0.0000,Call,11/21/25
"4,025.00",+41.58%,"2,882.00","2,887.95","2,893.90",0.00,unch,unch,0,0,unch,0.00%,0.0000,Call,N/A
"4,050.00",+41.22%,"2,857.60","2,863.85","2,870.10",0.00,unch,unch,0,0,unch,0.00%,0.0000,Call,N/A
"4,075.00",+40.86%,"2,832.80","2,838.75","2,844.70",0.00,unch,unch,0,0,unch,0.00%,0.0000,Call,N/A
"4,100.00",+40.49%,"2,808.40","2,814.25","2,820.10",0.00,unch,unch,0,2,unch,0.00%,0.0000,Call,N/A
"4,125.00",+40.13%,"2,783.90","2,789.65","2,795.40",0.00,unch,unch,0,0,unch,0.00%,0.0000,Call,N/A
"4,150.00",+39.77%,"2,758.70","2,764.65","2,770.60","2,505.04",unch,unch,0,1,unch,0.00%,0.0000,Call,11/20/25
"4,175.00",+39.41%,"2,734.90","2,741.00","2,747.10",0.00,unch,unch,0,0,unch,0.00%,0.0000,Call,N/A
"4,200.00",+39.04%,"2,709.40","2,715.95","2,722.50","2,215.60",unch,unch,0,3,unch,0.00%,0.0000,Call,07/14/25
"4,225.00",+38.68%,"2,685.50","2,691.15","2,696.80",0.00,unch,unch,0,0,unch,0.00%,0.0000,Call,N/A
"4,250.00",+38.32%,"2,660.70","2,666.95","2,673.20",0.00,unch,unch,0,2,unch,0.00%,0.0000,Call,N/A
"4,275.00",+37.95%,"2,635.70","2,642.15","2,648.60",0.00,unch,unch,0,0,unch,0.00%,0.0000,Call,N/A
"4,300.00",+37.59%,"2,611.10","2,617.45","2,623.80",0.00,unch,unch,0,0,unch,0.00%,0.0000,Call,N/A
"4,325.00",+37.23%,"2,587.20","2,592.70","2,598.20",0.00,unch,unch,0,0,unch,0.00%,0.0000,Call,N/A
"4,350.00",+36.87%,"2,562.70","2,568.20","2,573.70",0.00,unch,unch,0,0,unch,0.00%,0.0000,Call,N/A
"4,375.00",+36.50%,"2,537.60","2,543.75","2,549.90",0.00,unch,unch,0,0,unch,0.00%,0.0000,Call,N/A
"4,400.00",+36.14%,"2,513.00","2,518.65","2,524.30","2,563.21",unch,unch,0,9,unch,0.00%,0.0000,Call,12/05/25
"4,425.00",+35.78%,"2,489.00","2,494.35","2,499.70",0.00,unch,unch,0,0,unch,0.00%,0.0000,Call,N/A
"4,450.00",+35.41%,"2,464.60","2,469.85","2,475.10",0.00,unch,unch,0,0,unch,0.00%,0.0000,Call,N/A
"4,475.00",+35.05%,"2,440.20","2,445.80","2,451.40",0.00,unch,unch,0,0,unch,0.00%,0.0000,Call,N/A
"4,500.00",+34.69%,"2,415.40","2,420.70","2,426.00","2,389.72",unch,unch,0,69,unch,0.00%,0.0000,Call,01/22/26
"4,525.00",+34.33%,"2,390.60","2,396.00","2,401.40",0.00,unch,unch,0,0,unch,0.00%,0.0000,Call,N/A
"4,550.00",+33.96%,"2,365.80","2,371.25","2,376.70",0.00,unch,unch,0,0,unch,0.00%,0.0000,Call,N/A
"4,575.00",+33.60%,"2,341.60","2,346.90","2,352.20",0.00,unch,unch,0,0,unch,0.00%,0.0000,Call,N/A
"4,600.00",+33.24%,"2,317.10","2,322.35","2,327.60","2,234.01",unch,unch,0,6,unch,0.00%,0.0000,Call,11/07/25
"4,625.00",+32.87%,"2,292.60","2,297.80","2,303.00",0.00,unch,unch,0,0,unch,0.00%,0.0000,Call,N/A
"4,650.00",+32.51%,"2,268.00","2,273.20","2,278.40","2,032.93",unch,unch,0,2,unch,0.00%,0.0000,Call,11/20/25
"4,675.00",+32.15%,"2,243.50","2,248.70","2,253.90",0.00,unch,unch,0,0,unch,0.00%,0.0000,Call,N/A
"4,700.00",+31.79%,"2,219.00","2,224.20","2,229.40","2,176.05",unch,unch,0,48,unch,0.00%,0.0000,Call,02/05/26
"4,725.00",+31.42%,"2,194.50","2,199.65","2,204.80",0.00,unch,unch,0,0,unch,0.00%,0.0000,Call,N/A
"4,750.00",+31.06%,"2,170.60","2,175.75","2,180.90","1,711.25",unch,unch,0,2,unch,0.00%,0.0000,Call,07/14/25
"4,775.00",+30.70%,"2,145.50","2,150.65","2,155.80","2,009.00",unch,unch,0,1,unch,0.00%,0.0000,Call,11/19/25
"4,800.00",+30.33%,"2,121.10","2,126.15","2,131.20","2,219.77",unch,unch,0,25,unch,0.00%,0.0000,Call,02/10/26
"4,825.00",+29.97%,"2,096.60","2,101.65","2,106.70",0.00,unch,unch,0,0,unch,0.00%,0.0000,Call,N/A
"4,850.00",+29.61%,"2,072.20","2,077.60","2,083.00",0.00,unch,unch,0,0,unch,0.00%,0.0000,Call,N/A
"4,875.00",+29.25%,"2,047.70","2,052.75","2,057.80",0.00,unch,unch,0,0,unch,0.00%,0.0000,Call,N/A
"4,900.00",+28.88%,"2,023.30","2,028.30","2,033.30","2,028.45",unch,unch,0,10,unch,0.00%,0.0000,Call,12/10/25
"4,925.00",+28.52%,"1,998.80","2,003.80","2,008.80",0.00,unch,unch,0,0,unch,0.00%,0.0000,Call,N/A
"4,950.00",+28.16%,"1,974.40","1,979.35","1,984.30",0.00,unch,unch,0,0,unch,0.00%,0.0000,Call,N/A
"4,975.00",+27.79%,"1,950.00","1,955.05","1,960.10","1,225.06",unch,unch,0,1,unch,0.00%,0.0000,Call,05/27/25
"5,000.00",+27.43%,"1,925.40","1,930.40","1,935.40","1,944.70",unch,unch,0,"2,034",unch,0.00%,0.0000,Call,02/12/26
"5,025.00",+27.07%,"1,901.20","1,906.20","1,911.20","1,831.05",unch,unch,0,0,unch,23.66%,0.9985,Call,11/06/25
"5,050.00",+26.71%,"1,876.90","1,881.70","1,886.50","1,820.29",unch,unch,0,3,unch,24.80%,0.9975,Call,11/20/25
"5,075.00",+26.34%,"1,852.50","1,857.40","1,862.30",0.00,unch,unch,0,0,unch,25.99%,0.9959,Call,N/A
"5,100.00",+25.98%,"1,828.10","1,833.00","1,837.90","1,890.21",unch,unch,0,10,unch,26.51%,0.9946,Call,12/05/25
"5,125.00",+25.62%,"1,803.80","1,808.65","1,813.50",0.00,unch,unch,0,0,unch,26.94%,0.9933,Call,N/A
"5,150.00",+25.25%,"1,779.50","1,784.35","1,789.20","1,357.30",unch,unch,0,1,unch,27.30%,0.9919,Call,07/14/25
"5,175.00",+24.89%,"1,755.20","1,760.00","1,764.80","1,268.50",unch,unch,0,2,unch,27.49%,0.9907,Call,07/01/25
"5,200.00",+24.53%,"1,730.90","1,735.70","1,740.50","1,754.44",unch,unch,0,6,unch,27.66%,0.9893,Call,12/04/25
"5,225.00",+24.17%,"1,706.60","1,711.35","1,716.10","1,646.13",unch,unch,0,1,unch,27.72%,0.9881,Call,12/18/25
"5,250.00",+23.80%,"1,682.30","1,687.05","1,691.80","1,122.14",unch,unch,0,38,unch,27.78%,0.9867,Call,06/25/25
"5,275.00",+23.44%,"1,658.10","1,662.80","1,667.50",0.00,unch,unch,0,0,unch,27.84%,0.9853,Call,N/A
"5,300.00",+23.08%,"1,633.90","1,638.55","1,643.20","1,640.48",unch,unch,0,77,unch,27.85%,0.9838,Call,02/05/26
"5,325.00",+22.71%,"1,609.70","1,614.30","1,618.90","1,663.44",unch,unch,0,5,unch,27.83%,0.9824,Call,12/30/25
"5,350.00",+22.35%,"1,585.50","1,590.05","1,594.60","1,234.33",unch,unch,0,8,unch,27.78%,0.9809,Call,08/06/25
"5,375.00",+21.99%,"1,561.30","1,565.85","1,570.40",992.76,unch,unch,0,1,unch,27.73%,0.9793,Call,06/11/25
"5,400.00",+21.63%,"1,537.30","1,541.75","1,546.20","1,518.81",unch,unch,0,563,unch,27.72%,0.9775,Call,02/17/26
"5,425.00",+21.26%,"1,513.20","1,517.60","1,522.00",0.00,unch,unch,0,0,unch,27.64%,0.9759,Call,N/A
"5,450.00",+20.90%,"1,489.10","1,493.50","1,497.90",0.00,unch,unch,0,0,unch,27.57%,0.9741,Call,N/A
"5,475.00",+20.54%,"1,465.10","1,469.45","1,473.80","1,568.09",unch,unch,0,222,unch,27.50%,0.9721,Call,10/28/25
"5,500.00",+20.17%,"1,441.00","1,445.35","1,449.70","1,470.30",unch,unch,0,"1,082",unch,27.38%,0.9703,Call,02/17/26
"5,525.00",+19.81%,"1,416.90","1,421.25","1,425.60","1,320.38",unch,unch,0,13,unch,27.24%,0.9685,Call,10/17/25
"5,550.00",+19.45%,"1,392.90","1,397.20","1,401.50","1,405.32",unch,unch,0,270,unch,27.11%,0.9665,Call,12/12/25
"5,575.00",+19.09%,"1,369.00","1,373.25","1,377.50","1,300.26",unch,unch,0,334,unch,26.99%,0.9644,Call,12/17/25
"5,600.00",+18.72%,"1,345.00","1,349.40","1,353.80","1,370.82",unch,unch,0,"2,796",unch,26.90%,0.9620,Call,12/31/25
"5,625.00",+18.36%,"1,321.00","1,325.30","1,329.60","1,185.31",unch,unch,0,422,unch,26.69%,0.9600,Call,11/21/25
"5,650.00",+18.00%,"1,297.20","1,301.45","1,305.70","1,400.11",unch,unch,0,"1,601",unch,26.56%,0.9576,Call,02/02/26
"5,675.00",+17.64%,"1,273.30","1,277.55","1,281.80","1,208.61",unch,unch,0,406,unch,26.39%,0.9552,Call,12/17/25
"5,700.00",+17.27%,"1,249.40","1,253.70","1,258.00","1,222.10",unch,unch,0,504,unch,26.22%,0.9528,Call,02/19/26
"5,725.00",+16.91%,"1,225.50","1,229.70","1,233.90",806.26,unch,unch,0,117,unch,26.00%,0.9505,Call,06/27/25
"5,750.00",+16.55%,"1,205.10","1,206.30","1,207.50",770.90,unch,unch,0,290,unch,25.93%,0.9472,Call,06/27/25
"5,760.00",+16.40%,"1,195.60","1,196.85","1,198.10",0.00,unch,unch,0,0,unch,25.87%,0.9460,Call,N/A
"5,770.00",+16.26%,"1,186.10","1,187.35","1,188.60",0.00,unch,unch,0,0,unch,25.80%,0.9449,Call,N/A
"5,775.00",+16.18%,"1,181.40","1,182.65","1,183.90","1,130.20",unch,unch,0,70,unch,25.77%,0.9442,Call,02/05/26
"5,780.00",+16.11%,"1,176.70","1,177.90","1,179.10",0.00,unch,unch,0,0,unch,25.73%,0.9437,Call,N/A
"5,790.00",+15.97%,"1,167.20","1,168.45","1,169.70",0.00,unch,unch,0,0,unch,25.67%,0.9424,Call,N/A
"5,800.00",+15.82%,"1,157.80","1,159.00","1,160.20","1,243.76",unch,unch,0,"2,057",unch,25.60%,0.9412,Call,02/09/26
"5,810.00",+15.68%,"1,148.40","1,149.60","1,150.80","1,131.25",unch,unch,0,0,unch,25.54%,0.9399,Call,12/16/25
"5,820.00",+15.53%,"1,138.90","1,140.15","1,141.40",0.00,unch,unch,0,0,unch,25.46%,0.9387,Call,N/A
"5,825.00",+15.46%,"1,134.20","1,135.45","1,136.70","1,128.50",unch,unch,0,109,unch,25.43%,0.9380,Call,12/19/25
"5,830.00",+15.39%,"1,129.50","1,130.75","1,132.00",0.00,unch,unch,0,0,unch,25.40%,0.9374,Call,N/A
"5,840.00",+15.24%,"1,120.10","1,121.30","1,122.50","1,169.56",unch,unch,0,1,unch,25.32%,0.9361,Call,12/30/25
"5,850.00",+15.10%,"1,110.70","1,111.90","1,113.10",896.50,unch,unch,0,736,unch,25.25%,0.9348,Call,08/15/25
"5,860.00",+14.95%,"1,101.30","1,102.55","1,103.80","1,073.97",unch,unch,0,0,unch,25.19%,0.9334,Call,11/25/25
"5,870.00",+14.80%,"1,091.90","1,093.15","1,094.40",0.00,unch,unch,0,0,unch,25.12%,0.9320,Call,N/A
"5,875.00",+14.73%,"1,087.30","1,088.50","1,089.70","1,048.68",unch,unch,0,389,unch,25.09%,0.9312,Call,11/07/25
"5,880.00",+14.66%,"1,082.60","1,083.80","1,085.00",0.00,unch,unch,0,0,unch,25.05%,0.9306,Call,N/A
"5,890.00",+14.51%,"1,073.20","1,074.40","1,075.60",0.00,unch,unch,0,0,unch,24.97%,0.9292,Call,N/A
"5,900.00",+14.37%,"1,063.90","1,065.10","1,066.30","1,074.63",unch,unch,0,"7,327",+1,24.91%,0.9277,Call,02/23/26
"5,910.00",+14.22%,"1,054.50","1,055.70","1,056.90",0.00,unch,unch,0,0,unch,24.82%,0.9263,Call,N/A
"5,920.00",+14.08%,"1,045.20","1,046.40","1,047.60","1,134.80",unch,unch,0,1,unch,24.76%,0.9247,Call,01/16/26
"5,925.00",+14.01%,"1,040.50","1,041.70","1,042.90","1,049.49",unch,unch,0,995,unch,24.72%,0.9240,Call,10/03/25
"5,930.00",+13.93%,"1,035.90","1,037.10","1,038.30",0.00,unch,unch,0,0,unch,24.69%,0.9231,Call,N/A
"5,940.00",+13.79%,"1,026.50","1,027.70","1,028.90",0.00,unch,unch,0,0,unch,24.60%,0.9217,Call,N/A
"5,950.00",+13.64%,"1,017.20","1,018.40","1,019.60","1,012.05",unch,unch,0,"2,375",unch,24.53%,0.9201,Call,02/19/26
"5,960.00",+13.50%,"1,008.00","1,009.20","1,010.40",0.00,unch,unch,0,0,unch,24.47%,0.9184,Call,N/A
"5,970.00",+13.35%,998.70,999.90,"1,001.10","1,057.62",unch,unch,0,0,unch,24.39%,0.9168,Call,12/03/25
"5,975.00",+13.28%,994.10,995.25,996.40,782.01,unch,unch,0,219,unch,24.35%,0.9160,Call,08/26/25
"5,980.00",+13.21%,989.40,990.60,991.80,0.00,unch,unch,0,0,unch,24.31%,0.9152,Call,N/A
"5,990.00",+13.06%,980.20,981.35,982.50,"1,047.87",unch,unch,0,0,unch,24.24%,0.9135,Call,12/05/25
"6,000.00",+12.92%,970.90,972.10,973.30,969.63,+26.02,+2.76%,23,"46,250",-21,24.16%,0.9117,Call,02/24/26
"6,010.00",+12.77%,961.70,962.90,964.10,0.00,unch,unch,0,0,unch,24.09%,0.9099,Call,N/A
"6,020.00",+12.63%,952.50,953.65,954.80,0.00,unch,unch,0,0,unch,24.01%,0.9082,Call,N/A
"6,025.00",+12.56%,947.90,949.05,950.20,939.63,+939.63,unch,1,107,unch,23.97%,0.9073,Call,02/24/26
"6,030.00",+12.48%,943.30,944.45,945.60,0.00,unch,unch,0,0,unch,23.94%,0.9064,Call,N/A
"6,040.00",+12.34%,934.10,935.25,936.40,0.00,unch,unch,0,0,unch,23.86%,0.9045,Call,N/A
"6,050.00",+12.19%,924.90,926.05,927.20,873.57,unch,unch,0,"1,392",unch,23.78%,0.9027,Call,11/24/25
"6,060.00",+12.05%,915.70,916.85,918.00,0.00,unch,unch,0,0,unch,23.70%,0.9008,Call,N/A
"6,070.00",+11.90%,906.50,907.70,908.90,0.00,unch,unch,0,0,unch,23.62%,0.8989,Call,N/A
"6,075.00",+11.83%,902.00,903.15,904.30,901.55,unch,unch,0,37,unch,23.59%,0.8978,Call,11/14/25
"6,080.00",+11.76%,897.40,898.55,899.70,0.00,unch,unch,0,0,unch,23.54%,0.8969,Call,N/A
"6,090.00",+11.61%,888.30,889.45,890.60,972.64,unch,unch,0,1,unch,23.47%,0.8948,Call,01/26/26
"6,100.00",+11.47%,879.10,880.30,881.50,895.56,unch,unch,0,975,unch,23.39%,0.8928,Call,02/17/26
"6,110.00",+11.32%,870.00,871.20,872.40,0.00,unch,unch,0,0,unch,23.31%,0.8908,Call,N/A
"6,120.00",+11.18%,860.90,862.10,863.30,0.00,unch,unch,0,0,unch,23.23%,0.8887,Call,N/A
"6,125.00",+11.10%,856.40,857.55,858.70,854.76,unch,unch,0,45,unch,23.18%,0.8876,Call,10/22/25
"6,130.00",+11.03%,851.90,853.05,854.20,0.00,unch,unch,0,0,unch,23.15%,0.8865,Call,N/A
"6,140.00",+10.89%,842.80,843.95,845.10,0.00,unch,unch,0,0,unch,23.06%,0.8844,Call,N/A
"6,150.00",+10.74%,833.70,834.90,836.10,919.27,unch,unch,0,777,unch,22.98%,0.8821,Call,01/09/26
"6,160.00",+10.60%,824.70,825.85,827.00,0.00,unch,unch,0,0,unch,22.90%,0.8799,Call,N/A
"6,170.00",+10.45%,815.70,816.85,818.00,0.00,unch,unch,0,0,unch,22.82%,0.8776,Call,N/A
"6,175.00",+10.38%,811.20,812.35,813.50,913.93,unch,unch,0,718,unch,22.78%,0.8764,Call,01/12/26
"6,180.00",+10.31%,806.70,807.85,809.00,0.00,unch,unch,0,0,unch,22.74%,0.8753,Call,N/A
"6,190.00",+10.16%,797.70,798.85,800.00,0.00,unch,unch,0,0,unch,22.65%,0.8729,Call,N/A
"6,200.00",+10.02%,788.70,789.85,791.00,746.74,unch,unch,0,"1,438",unch,22.57%,0.8705,Call,02/23/26
"6,210.00",+9.87%,779.80,780.95,782.10,0.00,unch,unch,0,0,unch,22.49%,0.8680,Call,N/A
"6,220.00",+9.73%,770.90,772.00,773.10,880.52,unch,unch,0,1,unch,22.41%,0.8655,Call,02/02/26
"6,225.00",+9.65%,766.40,767.55,768.70,873.37,unch,unch,0,247,unch,22.37%,0.8643,Call,01/27/26
"6,230.00",+9.58%,761.90,763.05,764.20,0.00,unch,unch,0,0,unch,22.32%,0.8630,Call,N/A
"6,240.00",+9.43%,753.00,754.15,755.30,0.00,unch,unch,0,0,unch,22.24%,0.8605,Call,N/A
"6,250.00",+9.29%,744.20,745.30,746.40,748.11,+748.11,unch,2,"1,134",unch,22.16%,0.8578,Call,02/24/26
"6,260.00",+9.14%,735.30,736.40,737.50,0.00,unch,unch,0,0,unch,22.07%,0.8552,Call,N/A
"6,270.00",+9.00%,726.40,727.55,728.70,0.00,unch,unch,0,0,unch,21.98%,0.8525,Call,N/A
"6,275.00",+8.93%,722.00,723.15,724.30,715.64,unch,unch,0,279,unch,21.94%,0.8511,Call,01/20/26
"6,280.00",+8.85%,717.60,718.75,719.90,695.02,unch,unch,0,1,unch,21.90%,0.8497,Call,02/04/26
"6,290.00",+8.71%,708.80,709.95,711.10,0.00,unch,unch,0,0,unch,21.82%,0.8469,Call,N/A
"6,300.00",+8.56%,700.00,701.15,702.30,658.75,unch,unch,0,"2,870",unch,21.73%,0.8440,Call,02/23/26
"6,310.00",+8.42%,691.20,692.35,693.50,0.00,unch,unch,0,0,unch,21.64%,0.8412,Call,N/A
"6,320.00",+8.27%,682.50,683.60,684.70,631.54,unch,unch,0,1,unch,21.56%,0.8382,Call,12/17/25
"6,325.00",+8.20%,678.10,679.25,680.40,673.30,unch,unch,0,590,unch,21.51%,0.8367,Call,02/12/26
"6,330.00",+8.13%,673.70,674.85,676.00,0.00,unch,unch,0,0,unch,21.47%,0.8352,Call,N/A
"6,340.00",+7.98%,665.00,666.15,667.30,0.00,unch,unch,0,0,unch,21.38%,0.8322,Call,N/A
"6,350.00",+7.84%,656.30,657.45,658.60,660.72,+660.72,unch,16,"1,332",unch,21.29%,0.8291,Call,02/24/26
"6,360.00",+7.69%,647.70,648.80,649.90,701.70,unch,unch,0,2,unch,21.21%,0.8259,Call,12/11/25
"6,370.00",+7.55%,639.00,640.15,641.30,718.30,unch,unch,0,1,unch,21.12%,0.8227,Call,12/03/25
"6,375.00",+7.48%,634.70,635.85,637.00,702.70,unch,unch,0,376,unch,21.07%,0.8211,Call,02/05/26
"6,380.00",+7.40%,630.40,631.50,632.60,600.32,unch,unch,0,7,unch,21.03%,0.8195,Call,02/23/26
"6,390.00",+7.26%,621.80,622.90,624.00,0.00,unch,unch,0,0,unch,20.94%,0.8162,Call,N/A
"6,400.00",+7.11%,613.20,614.35,615.50,621.43,unch,unch,6,"2,954",unch,20.85%,0.8128,Call,02/25/26
"6,410.00",+6.97%,604.70,605.80,606.90,614.27,unch,unch,0,1,unch,20.76%,0.8094,Call,12/16/25
"6,420.00",+6.82%,596.10,597.25,598.40,660.70,unch,unch,0,37,unch,20.67%,0.8059,Call,12/09/25
"6,425.00",+6.75%,591.90,593.00,594.10,614.76,unch,unch,0,200,unch,20.63%,0.8042,Call,12/19/25
"6,430.00",+6.68%,587.60,588.75,589.90,0.00,unch,unch,0,0,unch,20.58%,0.8024,Call,N/A
"6,440.00",+6.53%,579.20,580.30,581.40,583.80,unch,unch,0,1,unch,20.49%,0.7988,Call,12/19/25
"6,445.00",+6.46%,574.90,576.00,577.10,0.00,unch,unch,0,0,unch,20.44%,0.7970,Call,N/A
"6,450.00",+6.39%,570.70,571.80,572.90,678.00,unch,unch,0,"2,798",unch,20.40%,0.7951,Call,01/15/26
"6,455.00",+6.31%,566.50,567.60,568.70,0.00,unch,unch,0,0,unch,20.35%,0.7933,Call,N/A
"6,460.00",+6.24%,562.30,563.40,564.50,592.44,unch,unch,0,1,unch,20.31%,0.7914,Call,12/15/25
"6,465.00",+6.17%,558.00,559.15,560.30,0.00,unch,unch,0,0,unch,20.26%,0.7896,Call,N/A
"6,470.00",+6.10%,553.90,555.00,556.10,650.08,unch,unch,0,3,unch,20.22%,0.7876,Call,12/05/25
"6,475.00",+6.02%,549.70,550.80,551.90,539.20,unch,unch,0,385,unch,20.17%,0.7857,Call,02/12/26
"6,480.00",+5.95%,545.50,546.60,547.70,0.00,unch,unch,0,0,unch,20.12%,0.7838,Call,N/A
"6,485.00",+5.88%,541.30,542.40,543.50,0.00,unch,unch,0,0,unch,20.07%,0.7819,Call,N/A
"6,490.00",+5.81%,537.10,538.20,539.30,603.77,unch,unch,0,1,unch,20.03%,0.7799,Call,12/12/25
"6,495.00",+5.73%,533.00,534.10,535.20,0.00,unch,unch,0,0,unch,19.99%,0.7779,Call,N/A
"6,500.00",+5.66%,528.80,529.90,531.00,537.17,+46.26,+9.42%,12,"4,344",+1,19.93%,0.7760,Call,02/24/26
"6,505.00",+5.59%,524.60,525.70,526.80,0.00,unch,unch,0,0,unch,19.88%,0.7740,Call,N/A
"6,510.00",+5.52%,520.50,521.60,522.70,569.99,unch,unch,0,1,unch,19.84%,0.7719,Call,12/22/25
"6,515.00",+5.44%,516.40,517.50,518.60,0.00,unch,unch,0,0,unch,19.80%,0.7698,Call,N/A
"6,520.00",+5.37%,512.20,513.30,514.40,505.10,unch,unch,0,7,unch,19.74%,0.7679,Call,02/12/26
"6,525.00",+5.30%,508.10,509.20,510.30,452.00,unch,unch,0,269,unch,19.70%,0.7658,Call,02/17/26
"6,530.00",+5.23%,504.00,505.10,506.20,514.11,unch,unch,0,4,unch,19.65%,0.7636,Call,12/16/25
"6,535.00",+5.15%,499.90,501.00,502.10,504.20,+504.20,unch,4,0,unch,19.61%,0.7615,Call,02/24/26
"6,540.00",+5.08%,495.80,496.90,498.00,515.69,unch,unch,0,209,unch,19.56%,0.7594,Call,12/18/25
"6,545.00",+5.01%,491.70,492.80,493.90,483.80,unch,unch,0,4,unch,19.51%,0.7573,Call,02/12/26
"6,550.00",+4.94%,487.60,488.70,489.80,456.81,unch,unch,0,655,-1,19.46%,0.7551,Call,02/23/26
"6,555.00",+4.86%,483.60,484.65,485.70,531.85,unch,unch,0,1,unch,19.42%,0.7529,Call,01/21/26
"6,560.00",+4.79%,479.50,480.60,481.70,583.17,unch,unch,0,26,unch,19.37%,0.7507,Call,01/15/26
"6,565.00",+4.72%,475.40,476.50,477.60,0.00,unch,unch,0,0,unch,19.32%,0.7485,Call,N/A
"6,570.00",+4.65%,471.40,472.50,473.60,475.00,+475.00,unch,7,3,unch,19.28%,0.7462,Call,02/24/26
"6,575.00",+4.57%,467.30,468.40,469.50,440.90,unch,unch,0,322,unch,19.22%,0.7440,Call,02/05/26
"6,580.00",+4.50%,463.30,464.40,465.50,452.15,unch,unch,0,2,unch,19.18%,0.7417,Call,01/20/26
"6,585.00",+4.43%,459.30,460.35,461.40,463.70,+463.70,unch,13,4,unch,19.13%,0.7394,Call,02/24/26
"6,590.00",+4.36%,455.30,456.40,457.50,450.40,unch,unch,0,3,unch,19.09%,0.7371,Call,02/12/26
"6,595.00",+4.28%,451.20,452.30,453.40,443.60,unch,unch,0,10,unch,19.03%,0.7348,Call,02/12/26
"6,600.00",+4.21%,447.30,448.40,449.50,447.98,+33.56,+8.10%,8,868,+1,18.95%,0.7327,Call,02/24/26
"6,605.00",+4.14%,443.20,444.30,445.40,447.60,+447.60,unch,6,0,unch,18.93%,0.7301,Call,02/24/26
"6,610.00",+4.06%,439.30,440.40,441.50,435.02,unch,unch,0,43,unch,18.89%,0.7276,Call,02/18/26
"6,615.00",+3.99%,435.30,436.40,437.50,438.70,+438.70,unch,1,4,unch,18.84%,0.7252,Call,02/24/26
"6,620.00",+3.92%,431.40,432.50,433.60,431.51,unch,unch,0,6,unch,18.80%,0.7228,Call,02/18/26
"6,625.00",+3.85%,427.40,428.45,429.50,439.94,unch,unch,0,303,unch,18.74%,0.7204,Call,12/18/25
"6,630.00",+3.77%,423.40,424.50,425.60,427.60,+427.60,unch,6,1,unch,18.69%,0.7179,Call,02/24/26
"6,635.00",+3.70%,419.50,420.55,421.60,423.20,+423.20,unch,14,0,unch,18.64%,0.7154,Call,02/24/26
"6,640.00",+3.63%,415.50,416.60,417.70,419.10,+419.10,unch,6,3,unch,18.59%,0.7130,Call,02/24/26
"6,645.00",+3.56%,411.60,412.70,413.80,0.00,unch,unch,0,0,unch,18.54%,0.7104,Call,N/A
"6,650.00",+3.48%,407.80,408.85,409.90,409.50,+31.20,+8.25%,25,907,+21,18.56%,0.7073,Call,02/24/26
"6,655.00",+3.41%,403.80,404.90,406.00,407.10,+407.10,unch,14,6,unch,18.45%,0.7053,Call,02/24/26
"6,660.00",+3.34%,400.00,401.05,402.10,394.00,unch,unch,0,109,unch,18.40%,0.7026,Call,02/12/26
"6,665.00",+3.27%,396.00,397.10,398.20,390.10,unch,unch,0,11,unch,18.35%,0.7001,Call,02/12/26
"6,670.00",+3.19%,392.20,393.25,394.30,395.30,+395.30,unch,3,0,unch,18.30%,0.6974,Call,02/24/26
"6,675.00",+3.12%,388.40,389.45,390.50,388.20,+388.20,unch,12,223,unch,18.25%,0.6947,Call,02/24/26
"6,680.00",+3.05%,384.50,385.55,386.60,379.00,+379.00,unch,4,6,unch,18.20%,0.6921,Call,02/24/26
"6,685.00",+2.98%,380.60,381.70,382.80,383.80,+383.80,unch,6,0,unch,18.15%,0.6894,Call,02/24/26
"6,690.00",+2.90%,376.80,377.85,378.90,358.00,unch,unch,0,9,unch,18.10%,0.6867,Call,02/13/26
"6,695.00",+2.83%,373.00,374.05,375.10,375.45,unch,unch,0,3,unch,18.05%,0.6839,Call,01/21/26
"6,700.00",+2.76%,369.20,370.25,371.30,373.30,+33.00,+9.70%,2,535,-1,18.00%,0.6812,Call,02/24/26
"6,705.00",+2.69%,365.40,366.45,367.50,370.18,+370.18,unch,1,0,unch,17.95%,0.6784,Call,02/24/26
"6,710.00",+2.61%,361.60,362.65,363.70,365.30,+35.28,+10.69%,2,38,-1,17.90%,0.6756,Call,02/24/26
"6,715.00",+2.54%,357.80,358.85,359.90,0.00,unch,unch,0,0,unch,17.84%,0.6727,Call,N/A
"6,720.00",+2.47%,354.00,355.10,356.20,338.94,unch,unch,0,8,unch,17.80%,0.6699,Call,12/24/25
"6,725.00",+2.40%,350.30,351.35,352.40,350.20,+350.20,unch,22,510,unch,17.75%,0.6670,Call,02/24/26
"6,730.00",+2.32%,346.60,347.65,348.70,350.20,+21.20,+6.44%,10,25,+3,17.70%,0.6641,Call,02/24/26
"6,735.00",+2.25%,342.80,343.90,345.00,345.90,+345.90,unch,1,3,unch,17.65%,0.6611,Call,02/24/26
"6,740.00",+2.18%,339.20,340.25,341.30,352.32,unch,unch,0,17,unch,17.60%,0.6582,Call,02/17/26
"6,745.00",+2.11%,335.50,336.55,337.60,339.10,+339.10,unch,5,4,unch,17.55%,0.6552,Call,02/24/26
"6,750.00",+2.03%,331.80,332.80,333.80,306.20,unch,unch,0,639,+2,17.50%,0.6522,Call,02/23/26
"6,755.00",+1.96%,328.10,329.15,330.20,331.00,+331.00,unch,2,6,unch,17.45%,0.6492,Call,02/24/26
"6,760.00",+1.89%,324.50,325.50,326.50,327.20,+327.20,unch,4,3,unch,17.40%,0.6461,Call,02/24/26
"6,765.00",+1.82%,320.80,321.85,322.90,409.94,unch,unch,0,1,unch,17.35%,0.6430,Call,01/28/26
"6,770.00",+1.74%,317.10,318.10,319.10,319.80,+319.80,unch,21,3,unch,17.29%,0.6400,Call,02/24/26
"6,775.00",+1.67%,313.50,314.55,315.60,316.40,+316.40,unch,6,348,unch,17.24%,0.6368,Call,02/24/26
"6,780.00",+1.60%,309.90,310.90,311.90,312.50,+312.50,unch,1,21,unch,17.19%,0.6337,Call,02/24/26
"6,785.00",+1.52%,306.30,307.35,308.40,0.00,unch,unch,0,0,unch,17.14%,0.6305,Call,N/A
"6,790.00",+1.45%,302.70,303.75,304.80,305.50,+305.50,unch,2,9,unch,17.09%,0.6273,Call,02/24/26
"6,795.00",+1.38%,299.10,299.95,300.80,301.70,+301.70,unch,12,7,unch,17.02%,0.6242,Call,02/24/26
"6,800.00",+1.31%,295.60,296.40,297.20,296.10,+19.20,+6.93%,10,"2,793",-8,16.95%,0.6211,Call,02/24/26
"6,805.00",+1.23%,292.00,293.05,294.10,289.50,unch,unch,0,12,unch,16.94%,0.6176,Call,02/12/26
"6,810.00",+1.16%,288.60,289.30,290.00,291.20,+291.20,unch,8,323,unch,16.87%,0.6144,Call,02/24/26
"6,815.00",+1.09%,283.90,285.80,287.70,288.10,+288.10,unch,1,5,unch,16.82%,0.6111,Call,02/24/26
"6,820.00",+1.02%,281.50,282.55,283.60,293.99,unch,unch,0,17,unch,16.79%,0.6076,Call,02/13/26
"6,825.00",+0.94%,278.00,279.05,280.10,261.80,unch,unch,0,165,+1,16.74%,0.6043,Call,02/23/26
"6,830.00",+0.87%,274.50,275.55,276.60,248.50,unch,unch,0,37,unch,16.68%,0.6009,Call,02/09/26
"6,835.00",+0.80%,271.10,272.10,273.10,273.40,+30.79,+12.69%,3,13,unch,16.63%,0.5974,Call,02/24/26
"6,840.00",+0.73%,267.80,268.45,269.10,270.10,+270.10,unch,21,29,unch,16.56%,0.5941,Call,02/24/26
"6,845.00",+0.65%,264.20,265.25,266.30,266.80,+266.80,unch,6,10,unch,16.53%,0.5905,Call,02/24/26
"6,850.00",+0.58%,260.90,261.60,262.30,259.72,+19.22,+7.99%,618,"1,428",+2,16.46%,0.5871,Call,02/24/26
"6,855.00",+0.51%,257.40,258.45,259.50,254.90,+254.90,unch,1,10,unch,16.43%,0.5835,Call,02/24/26
"6,860.00",+0.44%,254.10,254.80,255.50,251.70,+251.70,unch,9,19,unch,16.36%,0.5800,Call,02/24/26
"6,865.00",+0.36%,250.70,251.70,252.70,248.20,+248.20,unch,3,18,unch,16.33%,0.5764,Call,02/24/26
"6,870.00",+0.29%,247.30,248.35,249.40,244.90,+18.60,+8.22%,1,32,-1,16.28%,0.5728,Call,02/24/26
"6,875.00",+0.22%,244.00,245.00,246.00,242.20,+242.20,unch,1,811,unch,16.22%,0.5691,Call,02/24/26
"6,880.00",+0.15%,240.70,241.70,242.70,238.40,+238.40,unch,5,37,unch,16.17%,0.5655,Call,02/24/26
"6,885.00",+0.07%,237.40,238.40,239.40,235.10,+24.15,+11.45%,1,165,-1,16.12%,0.5618,Call,02/24/26
"6,890.00",unch,234.10,235.15,236.20,231.70,+231.70,unch,2,20,unch,16.07%,0.5581,Call,02/24/26
"6,895.00",-0.07%,230.90,231.90,232.90,233.21,+20.49,+9.63%,3,40,+15,16.02%,0.5544,Call,02/24/26
"6,900.00",-0.14%,227.70,228.35,229.00,233.16,+29.63,+14.56%,270,"3,081",+43,15.95%,0.5506,Call,02/24/26
"6,905.00",-0.22%,224.40,225.40,226.40,224.90,+224.90,unch,7,13,unch,15.88%,0.5469,Call,02/24/26
"6,910.00",-0.29%,221.20,222.20,223.20,218.70,+17.00,+8.43%,34,30,+7,15.87%,0.5430,Call,02/24/26
"6,915.00",-0.36%,218.10,218.70,219.30,215.70,+215.70,unch,81,18,unch,15.79%,0.5392,Call,02/24/26
"6,920.00",-0.43%,214.80,215.85,216.90,212.70,+212.70,unch,1,149,unch,15.77%,0.5353,Call,02/24/26
"6,925.00",-0.51%,211.70,212.70,213.70,209.40,+209.40,unch,1,516,unch,15.72%,0.5314,Call,02/24/26
"6,930.00",-0.58%,208.60,209.25,209.90,206.30,+16.60,+8.75%,157,403,-1,15.64%,0.5275,Call,02/24/26
"6,935.00",-0.65%,205.40,206.45,207.50,203.20,+203.20,unch,7,18,unch,15.61%,0.5236,Call,02/24/26
"6,940.00",-0.72%,202.40,203.35,204.30,200.40,+17.70,+9.69%,2,105,+1,15.56%,0.5196,Call,02/24/26
"6,945.00",-0.80%,199.20,200.25,201.30,197.10,+197.10,unch,1,13,unch,15.51%,0.5156,Call,02/24/26
"6,950.00",-0.87%,196.30,196.90,197.50,194.56,+14.61,+8.12%,72,"1,568",+29,15.44%,0.5116,Call,02/24/26
"6,955.00",-0.94%,193.20,193.85,194.50,196.93,+196.93,unch,45,10,unch,15.38%,0.5076,Call,02/24/26
"6,960.00",-1.01%,190.20,191.20,192.20,192.54,+20.79,+12.10%,3,46,unch,15.36%,0.5036,Call,02/24/26
"6,965.00",-1.09%,187.10,188.15,189.20,185.20,+185.20,unch,3,98,unch,15.31%,0.4995,Call,02/24/26
"6,970.00",-1.16%,184.20,185.20,186.20,182.30,+15.40,+9.23%,4,41,unch,15.26%,0.4954,Call,02/24/26
"6,975.00",-1.23%,181.30,181.95,182.60,179.20,+13.35,+8.05%,68,"1,242",-2,15.19%,0.4912,Call,02/24/26
"6,980.00",-1.31%,178.30,179.30,180.30,176.40,-16.78,-8.69%,2,72,+1,15.16%,0.4871,Call,02/24/26
"6,985.00",-1.38%,175.40,176.40,177.40,173.40,+173.40,unch,2,46,unch,15.11%,0.4829,Call,02/24/26
"6,990.00",-1.45%,172.50,173.50,174.50,171.60,-7.20,-4.03%,1,53,+1,15.06%,0.4787,Call,02/24/26
"6,995.00",-1.52%,169.70,170.70,171.70,168.60,+168.60,unch,22,35,unch,15.01%,0.4745,Call,02/24/26
"7,000.00",-1.60%,166.90,167.50,168.10,165.10,+10.62,+6.87%,227,"47,029",+30,14.93%,0.4702,Call,02/24/26
"7,005.00",-1.67%,164.00,165.00,166.00,162.20,+162.20,unch,1,137,unch,14.91%,0.4660,Call,02/24/26
"7,010.00",-1.74%,161.20,162.15,163.10,159.30,+13.70,+9.41%,1,166,unch,14.86%,0.4617,Call,02/24/26
"7,015.00",-1.81%,158.40,159.40,160.40,156.80,+18.13,+13.07%,62,34,-4,14.81%,0.4574,Call,02/24/26
"7,020.00",-1.89%,155.70,156.60,157.50,153.80,+153.80,unch,1,38,unch,14.76%,0.4531,Call,02/24/26
"7,025.00",-1.96%,152.90,153.85,154.80,151.10,+151.10,unch,5,409,unch,14.71%,0.4487,Call,02/24/26
"7,030.00",-2.03%,150.30,151.30,152.30,148.80,+13.40,+9.90%,9,159,-6,14.67%,0.4444,Call,02/24/26
"7,035.00",-2.10%,147.60,148.60,149.60,145.80,+14.70,+11.21%,13,12,unch,14.62%,0.4401,Call,02/24/26
"7,040.00",-2.18%,144.90,145.85,146.80,143.20,+143.20,unch,2,54,unch,14.56%,0.4356,Call,02/24/26
"7,045.00",-2.25%,142.30,143.30,144.30,140.70,+11.30,+8.73%,1,20,+2,14.52%,0.4312,Call,02/24/26
"7,050.00",-2.32%,139.80,140.35,140.90,138.00,+11.70,+9.26%,1,"1,464",+31,14.45%,0.4266,Call,02/24/26
"7,055.00",-2.39%,137.20,138.15,139.10,135.40,+12.40,+10.08%,29,21,unch,14.43%,0.4224,Call,02/24/26
"7,060.00",-2.47%,134.60,135.50,136.40,133.00,+14.00,+11.76%,1,67,+3,14.37%,0.4179,Call,02/24/26
"7,065.00",-2.54%,132.10,133.05,134.00,130.70,+13.90,+11.90%,10,33,+2,14.33%,0.4135,Call,02/24/26
"7,070.00",-2.61%,129.70,130.30,130.90,128.10,+11.00,+9.39%,41,228,unch,14.26%,0.4088,Call,02/24/26
"7,075.00",-2.68%,127.10,128.00,128.90,125.50,+12.90,+11.46%,3,704,unch,14.23%,0.4044,Call,02/24/26
"7,080.00",-2.76%,124.60,125.55,126.50,123.10,-6.50,-5.02%,7,241,+2,14.18%,0.3999,Call,02/24/26
"7,085.00",-2.83%,122.30,123.25,124.20,120.70,+120.70,unch,1,18,unch,14.15%,0.3955,Call,02/24/26
"7,090.00",-2.90%,119.80,120.75,121.70,118.60,+10.40,+9.61%,3,41,-2,14.09%,0.3909,Call,02/24/26
"7,100.00",-3.05%,115.20,115.75,116.30,114.00,+9.80,+9.40%,6,"10,873",+135,13.98%,0.3816,Call,02/24/26
"7,110.00",-3.19%,110.60,111.55,112.50,109.10,+109.10,unch,1,30,unch,13.92%,0.3728,Call,02/24/26
"7,120.00",-3.34%,106.10,107.05,108.00,104.70,+12.00,+12.94%,9,40,-5,13.83%,0.3637,Call,02/24/26
"7,125.00",-3.41%,103.90,104.55,105.20,102.50,+13.50,+15.17%,2,"1,230",unch,13.76%,0.3588,Call,02/24/26
"7,130.00",-3.48%,101.70,102.60,103.50,100.60,+10.95,+12.21%,7,145,+21,13.74%,0.3545,Call,02/24/26
"7,140.00",-3.63%,97.40,98.30,99.20,96.40,+12.45,+14.83%,5,233,+1,13.65%,0.3453,Call,02/24/26
"7,150.00",-3.77%,93.30,93.95,94.60,92.30,+9.30,+11.20%,"1,106","8,434",+8,13.55%,0.3359,Call,02/24/26
"7,160.00",-3.92%,89.30,90.15,91.00,88.30,+10.20,+13.06%,5,56,+14,13.49%,0.3271,Call,02/24/26
"7,170.00",-4.06%,85.30,86.15,87.00,84.90,+84.90,unch,3,72,unch,13.40%,0.3179,Call,02/24/26
"7,175.00",-4.14%,83.40,84.25,85.10,83.84,+7.54,+9.88%,3,476,-25,13.32%,0.3128,Call,02/24/26
"7,180.00",-4.21%,81.60,82.15,82.70,80.80,+80.80,unch,206,383,unch,13.30%,0.3086,Call,02/24/26
"7,190.00",-4.35%,77.80,78.65,79.50,77.40,+8.60,+12.50%,6,590,+29,13.24%,0.2998,Call,02/24/26
"7,200.00",-4.50%,74.30,74.80,75.30,76.95,+11.85,+18.20%,929,"6,160",-12,13.14%,0.2904,Call,02/24/26
"7,210.00",-4.64%,70.80,71.60,72.40,70.20,+70.20,unch,2,43,unch,13.09%,0.2819,Call,02/24/26
"7,220.00",-4.79%,67.40,68.25,69.10,69.37,+69.37,unch,10,49,unch,13.01%,0.2731,Call,02/24/26
"7,225.00",-4.86%,65.80,66.35,66.90,57.67,unch,unch,0,"2,241",-2,12.95%,0.2682,Call,02/23/26
"7,230.00",-4.93%,64.20,65.00,65.80,63.90,-2.60,-3.91%,2,218,+1,12.94%,0.2643,Call,02/24/26
"7,240.00",-5.08%,61.10,61.90,62.70,60.80,+60.80,unch,2,632,unch,12.87%,0.2556,Call,02/24/26
"7,250.00",-5.22%,58.20,58.65,59.10,60.53,+9.83,+19.39%,348,"3,851",-557,12.78%,0.2467,Call,02/24/26
"7,260.00",-5.37%,55.20,55.95,56.70,55.20,+8.90,+19.22%,1,132,+6,12.66%,0.2371,Call,02/24/26
"7,270.00",-5.51%,52.40,53.15,53.90,52.20,+52.20,unch,1,26,unch,12.67%,0.2302,Call,02/24/26
"7,275.00",-5.59%,51.00,51.80,52.60,51.80,+8.31,+19.11%,1,840,+3,12.63%,0.2261,Call,02/24/26
"7,280.00",-5.66%,49.70,50.45,51.20,50.03,+50.03,unch,4,40,unch,12.56%,0.2211,Call,02/24/26
"7,290.00",-5.80%,47.10,47.85,48.60,47.00,-3.51,-6.95%,5,276,unch,12.54%,0.2138,Call,02/24/26
"7,300.00",-5.95%,44.70,45.15,45.60,44.70,+4.98,+12.54%,632,"4,581",+769,12.40%,0.2044,Call,02/24/26
"7,310.00",-6.09%,42.40,42.85,43.30,43.20,+3.60,+9.09%,32,144,+25,12.44%,0.1986,Call,02/24/26
"7,320.00",-6.24%,40.00,40.70,41.40,39.90,+39.90,unch,13,23,unch,12.36%,0.1904,Call,02/24/26
"7,325.00",-6.31%,38.90,39.40,39.90,37.96,+37.96,unch,20,995,unch,12.31%,0.1862,Call,02/24/26
"7,330.00",-6.38%,37.90,38.55,39.20,37.80,+37.80,unch,4,31,unch,12.31%,0.1830,Call,02/24/26
"7,340.00",-6.53%,35.80,36.45,37.10,36.40,-2.18,-5.65%,6,55,-1,12.25%,0.1755,Call,02/24/26
"7,350.00",-6.68%,33.80,34.40,35.00,34.10,+4.17,+13.93%,6,"3,495",-16,12.16%,0.1676,Call,02/24/26
"7,360.00",-6.82%,31.90,32.55,33.20,31.90,+31.90,unch,11,370,unch,12.07%,0.1598,Call,02/24/26
"7,370.00",-6.97%,30.20,30.60,31.00,31.10,+31.10,unch,7,"1,084",unch,12.08%,0.1543,Call,02/24/26
"7,375.00",-7.04%,29.40,29.80,30.20,29.90,+4.75,+18.89%,6,"1,124",-8,12.08%,0.1515,Call,02/24/26
"7,380.00",-7.11%,28.40,29.05,29.70,29.10,+29.10,unch,2,94,unch,12.07%,0.1483,Call,02/24/26
"7,390.00",-7.26%,26.90,27.45,28.00,27.60,+27.60,unch,8,103,unch,12.04%,0.1423,Call,02/24/26
"7,400.00",-7.40%,25.30,25.70,26.10,26.12,+4.32,+19.82%,502,"4,472",+147,11.95%,0.1351,Call,02/24/26
"7,410.00",-7.55%,23.90,24.45,25.00,24.50,+4.45,+22.19%,2,61,unch,11.95%,0.1299,Call,02/24/26
"7,420.00",-7.69%,22.50,23.05,23.60,22.50,+22.50,unch,1,20,unch,11.82%,0.1222,Call,02/24/26
"7,425.00",-7.76%,21.70,22.30,22.90,22.30,+3.60,+19.25%,2,589,unch,11.88%,0.1209,Call,02/24/26
"7,430.00",-7.84%,21.20,21.75,22.30,19.13,unch,unch,0,78,unch,11.87%,0.1185,Call,02/23/26
"7,450.00",-8.13%,18.80,19.10,19.40,19.37,+2.44,+14.41%,6,"4,545",+9,11.82%,0.1080,Call,02/24/26
"7,475.00",-8.49%,16.10,16.55,17.00,16.70,+2.92,+21.19%,2,664,+169,11.75%,0.0959,Call,02/24/26
"7,500.00",-8.85%,13.90,14.15,14.40,14.45,+2.51,+21.02%,"1,501","3,810",+213,11.65%,0.0841,Call,02/24/26
"7,525.00",-9.22%,11.90,12.30,12.70,12.16,+1.56,+14.72%,16,902,unch,11.61%,0.0742,Call,02/24/26
"7,550.00",-9.58%,10.20,10.60,11.00,10.56,+1.23,+13.18%,20,859,+2,11.60%,0.0658,Call,02/24/26
"7,575.00",-9.94%,8.70,9.10,9.50,7.98,unch,unch,0,248,+7,11.58%,0.0581,Call,02/23/26
"7,600.00",-10.30%,7.60,7.80,8.00,7.80,+1.10,+16.42%,5,"6,475","+2,152",11.55%,0.0509,Call,02/24/26
"7,625.00",-10.67%,6.50,6.75,7.00,6.80,-0.20,-2.86%,2,"1,393",unch,11.57%,0.0452,Call,02/24/26
"7,650.00",-11.03%,5.60,5.85,6.10,5.90,+0.95,+19.19%,26,"1,076",+40,11.58%,0.0399,Call,02/24/26
"7,675.00",-11.39%,4.80,5.15,5.50,4.85,+0.63,+14.93%,1,576,unch,11.49%,0.0338,Call,02/24/26
"7,700.00",-11.76%,4.20,4.40,4.60,4.50,+0.76,+20.32%,2,"3,495",-3,11.64%,0.0313,Call,02/24/26
"7,725.00",-12.12%,3.50,3.80,4.10,3.90,+0.62,+18.90%,"2,003","2,429",-2,11.66%,0.0276,Call,02/24/26
"7,750.00",-12.48%,3.20,3.40,3.60,3.10,unch,unch,3,"3,356","+1,156",11.70%,0.0244,Call,02/24/26
"7,775.00",-12.84%,2.70,2.95,3.20,2.48,unch,unch,0,"1,803",-4,11.73%,0.0214,Call,02/23/26
"7,800.00",-13.21%,2.50,2.65,2.80,2.65,+0.40,+17.78%,830,"5,109",+270,11.81%,0.0194,Call,02/24/26
"7,825.00",-13.57%,2.20,2.35,2.50,2.60,+0.60,+30.00%,80,"1,714",-1,11.88%,0.0173,Call,02/24/26
"7,850.00",-13.93%,1.95,2.08,2.20,2.10,+0.20,+10.53%,"2,000","2,923","+1,197",11.96%,0.0156,Call,02/24/26
"7,875.00",-14.29%,1.70,1.85,2.00,1.95,unch,unch,0,"3,819",unch,12.01%,0.0138,Call,02/19/26
"7,900.00",-14.66%,1.50,1.65,1.80,1.65,+0.15,+10.00%,20,"2,673",+11,12.09%,0.0124,Call,02/24/26
"7,950.00",-15.38%,1.05,1.28,1.50,1.40,+0.15,+12.00%,1,51,+14,12.33%,0.0105,Call,02/24/26
"8,000.00",-16.11%,0.95,1.10,1.25,1.07,+1.07,unch,10,"3,388",unch,12.41%,0.0082,Call,02/24/26
"8,100.00",-17.56%,0.50,0.70,0.90,0.62,unch,unch,0,"6,535",unch,12.73%,0.0054,Call,02/19/26
"8,200.00",-19.01%,0.35,0.52,0.70,0.50,unch,unch,0,"1,539",-1,13.22%,0.0040,Call,02/23/26
"8,300.00",-20.46%,0.20,0.38,0.55,0.70,unch,unch,0,109,unch,13.61%,0.0029,Call,02/04/26
"8,400.00",-21.91%,0.15,0.30,0.45,0.90,unch,unch,0,370,unch,14.13%,0.0023,Call,01/16/26
"8,500.00",-23.37%,0.15,0.28,0.40,0.15,unch,unch,0,"1,195",-57,14.80%,0.0020,Call,02/23/26
"8,600.00",-24.82%,0.05,0.20,0.35,0.36,unch,unch,0,"2,047",unch,15.14%,0.0015,Call,02/12/26
"8,800.00",-27.72%,0.10,0.20,0.30,0.35,unch,unch,0,546,unch,16.61%,0.0013,Call,01/20/26
"9,000.00",-30.62%,0.10,0.18,0.25,0.20,unch,unch,0,"2,687",+1,17.84%,0.0011,Call,02/23/26
"9,200.00",-33.53%,0.10,0.15,0.20,0.25,unch,unch,0,"4,266",unch,18.97%,0.0009,Call,02/13/26
"9,600.00",-39.33%,0.00,0.10,0.20,0.30,unch,unch,0,8,unch,22.06%,0.0010,Call,01/22/26
"10,000.00",-45.14%,0.00,0.08,0.15,0.10,unch,unch,0,165,unch,24.03%,0.0007,Call,01/22/26
"10,400.00",-50.94%,0.00,0.08,0.15,0.05,unch,unch,0,141,unch,26.37%,0.0007,Call,01/30/26
"10,800.00",-56.75%,0.00,0.08,0.15,0.00,unch,unch,0,0,unch,28.61%,0.0006,Call,N/A
"11,200.00",-62.55%,0.00,0.05,0.10,0.10,unch,unch,0,17,unch,29.86%,0.0004,Call,12/01/25
"11,600.00",-68.36%,0.00,0.05,0.10,0.10,unch,unch,0,2,unch,31.86%,0.0004,Call,02/02/26
"12,000.00",-74.16%,0.00,0.05,0.10,0.00,unch,unch,0,0,unch,33.78%,0.0004,Call,N/A
"12,400.00",-79.97%,0.00,0.05,0.10,0.00,unch,unch,0,0,unch,35.62%,0.0004,Call,N/A
200.00,-97.10%,0.00,0.00,0.00,0.05,unch,unch,0,9,unch,0.00%,0.0000,Put,02/09/26
400.00,-94.19%,0.00,0.00,0.00,0.06,unch,unch,0,"3,674",+5,0.00%,0.0000,Put,02/23/26
600.00,-91.29%,0.00,0.00,0.00,0.05,unch,unch,0,"7,922",unch,0.00%,0.0000,Put,02/17/26
800.00,-88.39%,0.00,0.00,0.00,0.05,unch,unch,0,"1,160",unch,0.00%,0.0000,Put,02/11/26
"1,000.00",-85.49%,0.05,0.13,0.20,0.15,unch,unch,0,"2,508",+17,121.69%,-0.0001,Put,02/23/26
"1,200.00",-82.58%,0.10,0.18,0.25,0.20,+0.03,+17.65%,10,"2,906",unch,114.09%,-0.0002,Put,02/24/26
"1,400.00",-79.68%,0.10,0.20,0.30,0.20,unch,unch,0,"2,047",+2,104.14%,-0.0002,Put,02/23/26
"1,600.00",-76.78%,0.10,0.25,0.40,0.25,-0.03,-10.71%,29,"1,465",+5,97.21%,-0.0003,Put,02/24/26
"1,800.00",-73.88%,0.30,0.38,0.45,0.35,+0.35,unch,3,"1,671",unch,91.97%,-0.0004,Put,02/24/26
"2,000.00",-70.97%,0.40,0.50,0.60,0.45,-0.07,-13.46%,1,"6,074",+6,86.74%,-0.0005,Put,02/24/26
"2,200.00",-68.07%,0.50,0.63,0.75,0.67,unch,unch,0,"1,107",unch,82.59%,-0.0008,Put,02/18/26
"2,300.00",-66.62%,0.55,0.73,0.90,0.79,unch,unch,0,"2,020",unch,80.57%,-0.0009,Put,02/23/26
"2,400.00",-65.17%,0.65,0.80,0.95,0.93,unch,unch,0,"1,325",+1,78.28%,-0.0010,Put,02/23/26
"2,500.00",-63.72%,0.75,0.90,1.05,0.91,-0.19,-17.27%,18,"9,314",+206,76.30%,-0.0012,Put,02/24/26
"2,600.00",-62.26%,0.90,1.03,1.15,1.10,unch,unch,0,"1,251",unch,74.33%,-0.0014,Put,02/17/26
"2,700.00",-60.81%,1.00,1.15,1.30,1.25,unch,unch,0,"2,137",unch,72.40%,-0.0016,Put,02/17/26
"2,800.00",-59.36%,1.10,1.33,1.55,1.50,unch,unch,0,367,unch,70.73%,-0.0018,Put,02/12/26
"2,900.00",-57.91%,1.35,1.48,1.60,1.55,unch,unch,0,"19,417",unch,68.88%,-0.0021,Put,02/18/26
"3,000.00",-56.46%,1.50,1.65,1.80,1.70,-0.40,-19.05%,16,"1,626",-8,67.33%,-0.0024,Put,02/24/26
"3,100.00",-55.01%,1.80,1.90,2.00,1.95,unch,unch,0,"1,035",unch,65.62%,-0.0027,Put,02/23/26
"3,200.00",-53.56%,1.95,2.10,2.25,2.25,-0.05,-2.17%,71,"1,479",+2,64.36%,-0.0033,Put,02/24/26
"3,250.00",-52.83%,2.15,2.33,2.50,2.58,+2.58,unch,4,254,unch,63.39%,-0.0034,Put,02/24/26
"3,300.00",-52.10%,2.30,2.40,2.50,2.45,-0.35,-12.50%,2,"4,035",+6,62.56%,-0.0036,Put,02/24/26
"3,350.00",-51.38%,2.35,2.58,2.80,3.10,unch,unch,0,389,unch,61.73%,-0.0038,Put,02/13/26
"3,400.00",-50.65%,2.50,2.65,2.80,2.67,-0.43,-13.87%,60,"8,820",-5,60.81%,-0.0040,Put,02/24/26
"3,450.00",-49.93%,2.65,2.88,3.10,2.85,-0.25,-8.06%,2,728,+4,60.11%,-0.0043,Put,02/24/26
"3,500.00",-49.20%,2.80,3.05,3.30,3.60,unch,unch,0,"3,530",unch,59.43%,-0.0047,Put,02/23/26
"3,550.00",-48.48%,3.00,3.20,3.40,3.60,unch,unch,0,507,+27,58.62%,-0.0049,Put,02/23/26
"3,600.00",-47.75%,3.20,3.35,3.50,3.80,unch,unch,0,"4,126",unch,57.81%,-0.0052,Put,02/23/26
"3,650.00",-47.03%,3.30,3.55,3.80,3.55,-0.55,-13.41%,2,294,+34,57.09%,-0.0056,Put,02/24/26
"3,700.00",-46.30%,3.50,3.75,4.00,3.70,unch,unch,2,231,+1,56.26%,-0.0059,Put,02/24/26
"3,750.00",-45.57%,3.80,3.95,4.10,3.90,-0.70,-15.22%,7,"1,310",unch,55.52%,-0.0062,Put,02/24/26
"3,775.00",-45.21%,3.80,4.10,4.40,4.30,unch,unch,0,68,+1,55.32%,-0.0065,Put,02/23/26
"3,800.00",-44.85%,4.00,4.15,4.30,4.10,-0.90,-18.00%,3,"12,693",-2,54.77%,-0.0066,Put,02/24/26
"3,825.00",-44.49%,4.10,4.35,4.60,4.50,unch,unch,0,192,+1,54.63%,-0.0070,Put,02/23/26
"3,850.00",-44.12%,4.20,4.45,4.70,4.40,-0.70,-13.73%,6,364,+24,54.16%,-0.0071,Put,02/24/26
"3,875.00",-43.76%,4.30,4.55,4.80,4.60,-0.20,-4.17%,22,191,+1,53.93%,-0.0074,Put,02/24/26
"3,900.00",-43.40%,4.40,4.65,4.90,5.30,unch,unch,0,905,unch,53.46%,-0.0076,Put,02/23/26
"3,925.00",-43.03%,4.60,4.85,5.10,5.10,unch,unch,0,154,unch,53.21%,-0.0079,Put,02/23/26
"3,950.00",-42.67%,4.70,4.95,5.20,5.00,+5.00,unch,99,151,unch,52.88%,-0.0082,Put,02/24/26
"3,975.00",-42.31%,4.80,5.10,5.40,5.30,unch,unch,0,536,unch,52.48%,-0.0084,Put,02/23/26
"4,000.00",-41.95%,5.00,5.20,5.40,5.20,-0.90,-14.75%,8,"8,391",+3,52.08%,-0.0086,Put,02/24/26
"4,025.00",-41.58%,5.10,5.35,5.60,6.00,unch,unch,0,43,+2,51.75%,-0.0089,Put,02/23/26
"4,050.00",-41.22%,5.30,5.45,5.60,5.50,-0.80,-12.70%,17,"1,039",+364,51.40%,-0.0091,Put,02/24/26
"4,075.00",-40.86%,5.40,5.65,5.90,5.50,-0.40,-6.78%,54,194,unch,50.87%,-0.0092,Put,02/24/26
"4,100.00",-40.49%,5.60,5.75,5.90,5.90,-0.70,-10.61%,1,"4,082",unch,50.83%,-0.0098,Put,02/24/26
"4,125.00",-40.13%,5.70,5.95,6.20,6.20,unch,unch,0,149,unch,50.36%,-0.0100,Put,02/17/26
"4,150.00",-39.77%,5.70,6.00,6.30,7.00,unch,unch,0,851,-2,49.89%,-0.0102,Put,02/23/26
"4,175.00",-39.41%,6.00,6.25,6.50,7.70,unch,unch,0,237,unch,49.65%,-0.0106,Put,02/19/26
"4,200.00",-39.04%,6.20,6.40,6.60,6.90,+6.90,unch,2,"3,693",unch,49.29%,-0.0109,Put,02/24/26
"4,225.00",-38.68%,6.30,6.55,6.80,8.10,unch,unch,0,84,unch,48.92%,-0.0112,Put,02/19/26
"4,250.00",-38.32%,6.40,6.65,6.90,7.70,unch,unch,0,470,+19,48.51%,-0.0115,Put,02/23/26
"4,275.00",-37.95%,6.60,6.90,7.20,8.50,unch,unch,0,79,unch,48.24%,-0.0119,Put,02/19/26
"4,300.00",-37.59%,6.70,7.00,7.30,7.20,-0.40,-5.26%,16,362,+2,48.02%,-0.0124,Put,02/24/26
"4,325.00",-37.23%,6.90,7.20,7.50,7.60,unch,unch,0,232,unch,47.50%,-0.0126,Put,02/18/26
"4,350.00",-36.87%,7.00,7.35,7.70,8.50,unch,unch,0,406,+14,47.12%,-0.0129,Put,02/23/26
"4,375.00",-36.50%,7.20,7.55,7.90,7.90,unch,unch,0,658,unch,46.79%,-0.0133,Put,02/19/26
"4,400.00",-36.14%,7.40,7.70,8.00,7.80,+7.80,unch,4,481,unch,46.50%,-0.0138,Put,02/24/26
"4,425.00",-35.78%,7.70,8.00,8.30,8.27,unch,unch,0,295,unch,46.16%,-0.0142,Put,02/17/26
"4,450.00",-35.41%,7.80,8.10,8.40,8.20,unch,unch,100,502,unch,45.82%,-0.0146,Put,02/24/26
"4,475.00",-35.05%,8.10,8.40,8.70,8.81,unch,unch,0,480,unch,45.47%,-0.0150,Put,02/18/26
"4,500.00",-34.69%,8.40,8.60,8.80,8.50,+8.50,unch,110,"2,987",unch,45.04%,-0.0153,Put,02/24/26
"4,525.00",-34.33%,8.50,8.80,9.10,8.80,+8.80,unch,1,489,unch,44.77%,-0.0159,Put,02/24/26
"4,550.00",-33.96%,8.80,9.00,9.20,9.00,-1.20,-11.76%,6,"1,533",unch,44.42%,-0.0163,Put,02/24/26
"4,575.00",-33.60%,8.90,9.20,9.50,11.20,unch,unch,0,337,unch,44.06%,-0.0168,Put,02/19/26
"4,600.00",-33.24%,9.30,9.50,9.70,9.40,-1.33,-12.40%,115,"2,081",+52,43.70%,-0.0173,Put,02/24/26
"4,625.00",-32.87%,9.50,9.70,9.90,9.70,+9.70,unch,1,"1,041",unch,43.41%,-0.0179,Put,02/24/26
"4,650.00",-32.51%,9.60,9.95,10.30,9.80,-2.10,-17.65%,87,872,+139,42.97%,-0.0182,Put,02/24/26
"4,675.00",-32.15%,9.90,10.20,10.50,10.20,-1.50,-12.82%,5,841,unch,42.74%,-0.0189,Put,02/24/26
"4,700.00",-31.79%,10.30,10.45,10.60,10.36,-1.64,-13.67%,80,"6,046",unch,42.34%,-0.0194,Put,02/24/26
"4,725.00",-31.42%,10.40,10.70,11.00,11.20,unch,unch,0,508,unch,42.06%,-0.0201,Put,02/19/26
"4,750.00",-31.06%,10.80,11.00,11.20,11.00,-2.00,-15.38%,53,"4,171","+3,005",41.75%,-0.0207,Put,02/24/26
"4,775.00",-30.70%,11.00,11.30,11.60,13.60,+0.40,+3.03%,4,"1,531",+12,41.43%,-0.0214,Put,02/24/26
"4,800.00",-30.33%,11.30,11.50,11.70,11.20,-2.40,-17.65%,271,"3,151",+67,41.05%,-0.0219,Put,02/24/26
"4,825.00",-29.97%,11.50,11.85,12.20,13.50,unch,unch,0,368,-1,40.75%,-0.0226,Put,02/23/26
"4,850.00",-29.61%,12.00,12.25,12.50,14.40,unch,unch,0,539,unch,40.48%,-0.0234,Put,02/19/26
"4,875.00",-29.25%,12.20,12.40,12.60,14.70,unch,unch,0,"1,066",unch,40.06%,-0.0239,Put,02/19/26
"4,900.00",-28.88%,12.50,12.70,12.90,12.70,+12.70,unch,51,"1,677",unch,39.72%,-0.0246,Put,02/24/26
"4,925.00",-28.52%,12.70,13.05,13.40,15.60,unch,unch,0,595,unch,39.41%,-0.0254,Put,02/19/26
"4,950.00",-28.16%,13.10,13.45,13.80,13.40,-2.40,-15.19%,1,786,+67,39.09%,-0.0262,Put,02/24/26
"4,975.00",-27.79%,13.40,13.65,13.90,14.10,-2.10,-12.96%,39,"1,471",+2,38.72%,-0.0269,Put,02/24/26
"5,000.00",-27.43%,13.80,14.00,14.20,14.10,-2.60,-15.57%,"1,214","4,259",+1,38.44%,-0.0278,Put,02/24/26
"5,025.00",-27.07%,14.00,14.35,14.70,15.00,unch,unch,0,407,unch,38.06%,-0.0285,Put,02/19/26
"5,050.00",-26.71%,14.50,14.75,15.00,15.00,-1.90,-11.24%,753,984,+19,37.86%,-0.0298,Put,02/24/26
"5,075.00",-26.34%,14.80,15.20,15.60,14.80,+14.80,unch,6,403,unch,37.27%,-0.0299,Put,02/24/26
"5,100.00",-25.98%,15.30,15.50,15.70,15.50,-2.30,-12.92%,1,"2,733",+358,37.09%,-0.0312,Put,02/24/26
"5,125.00",-25.62%,15.60,15.85,16.10,16.60,unch,unch,0,"1,316",unch,36.75%,-0.0321,Put,02/17/26
"5,150.00",-25.25%,16.10,16.35,16.60,16.82,-1.78,-9.57%,150,"1,507",unch,36.46%,-0.0333,Put,02/24/26
"5,175.00",-24.89%,16.40,16.80,17.20,17.31,unch,unch,0,290,unch,36.15%,-0.0343,Put,02/19/26
"5,200.00",-24.53%,17.00,17.20,17.40,19.60,unch,unch,0,"2,245",+51,35.81%,-0.0353,Put,02/23/26
"5,225.00",-24.17%,17.30,17.75,18.20,20.18,unch,unch,0,417,unch,35.53%,-0.0366,Put,02/19/26
"5,250.00",-23.80%,17.90,18.15,18.40,18.50,-2.40,-11.48%,24,"1,244",+24,35.18%,-0.0376,Put,02/24/26
"5,275.00",-23.44%,18.30,18.70,19.10,21.30,unch,unch,0,396,unch,34.88%,-0.0389,Put,02/19/26
"5,300.00",-23.08%,18.90,19.15,19.40,19.40,-2.90,-13.00%,35,"3,241",+186,34.64%,-0.0405,Put,02/24/26
"5,325.00",-22.71%,19.40,19.80,20.20,22.80,unch,unch,0,520,+1,34.28%,-0.0416,Put,02/23/26
"5,350.00",-22.35%,20.00,20.25,20.50,20.70,-2.50,-10.78%,54,"1,252",+32,33.93%,-0.0428,Put,02/24/26
"5,375.00",-21.99%,20.50,20.90,21.30,21.20,-2.70,-11.30%,16,687,+6,33.75%,-0.0447,Put,02/24/26
"5,400.00",-21.63%,21.20,21.45,21.70,21.50,-4.30,-16.67%,83,"3,312",+123,33.34%,-0.0458,Put,02/24/26
"5,425.00",-21.26%,21.70,22.15,22.60,21.90,-4.18,-16.03%,6,909,+88,32.96%,-0.0470,Put,02/24/26
"5,450.00",-20.90%,22.40,22.70,23.00,23.15,-2.75,-10.62%,77,"1,393",+9,32.71%,-0.0488,Put,02/24/26
"5,475.00",-20.54%,23.00,23.35,23.70,23.90,-3.90,-14.03%,3,"1,179",+6,32.40%,-0.0504,Put,02/24/26
"5,500.00",-20.17%,23.80,24.10,24.40,24.00,-4.49,-15.76%,"1,620","7,849",+31,32.09%,-0.0521,Put,02/24/26
"5,525.00",-19.81%,24.50,24.90,25.30,25.30,-4.78,-15.89%,8,922,-18,31.95%,-0.0547,Put,02/24/26
"5,550.00",-19.45%,25.30,25.60,25.90,26.22,-4.88,-15.69%,404,"6,092",-13,31.52%,-0.0559,Put,02/24/26
"5,575.00",-19.09%,26.00,26.45,26.90,27.50,unch,unch,0,667,unch,31.24%,-0.0580,Put,02/19/26
"5,600.00",-18.72%,26.90,27.20,27.50,26.78,-5.02,-15.79%,6,"5,920",+13,30.93%,-0.0599,Put,02/24/26
"5,625.00",-18.36%,27.70,28.05,28.40,28.92,-3.59,-11.04%,150,710,+1,30.64%,-0.0620,Put,02/24/26
"5,650.00",-18.00%,28.50,28.90,29.30,29.64,-4.66,-13.59%,20,"1,259",unch,30.34%,-0.0642,Put,02/24/26
"5,675.00",-17.64%,29.50,29.95,30.40,29.90,unch,unch,0,516,+67,30.08%,-0.0667,Put,02/23/26
"5,700.00",-17.27%,30.50,30.85,31.20,31.05,-4.68,-13.10%,53,"1,723",+9,29.82%,-0.0693,Put,02/24/26
"5,725.00",-16.91%,31.50,31.90,32.30,31.94,-5.86,-15.50%,128,537,+8,29.50%,-0.0716,Put,02/24/26
"5,750.00",-16.55%,32.50,32.90,33.30,33.10,-6.50,-16.41%,96,"1,232",+64,29.24%,-0.0744,Put,02/24/26
"5,760.00",-16.40%,33.00,33.55,34.10,32.90,+32.90,unch,7,0,unch,29.13%,-0.0755,Put,02/24/26
"5,770.00",-16.26%,33.40,33.90,34.40,0.00,unch,unch,0,0,unch,29.00%,-0.0764,Put,N/A
"5,775.00",-16.18%,33.60,34.00,34.40,34.55,+34.55,unch,5,"4,070",unch,28.91%,-0.0768,Put,02/24/26
"5,780.00",-16.11%,33.90,34.45,35.00,34.29,+34.29,unch,10,0,unch,28.87%,-0.0775,Put,02/24/26
"5,790.00",-15.97%,34.30,34.80,35.30,37.16,unch,unch,0,231,unch,28.77%,-0.0787,Put,02/19/26
"5,800.00",-15.82%,34.80,35.20,35.60,35.00,-6.80,-16.27%,830,"4,805",+47,28.60%,-0.0795,Put,02/24/26
"5,810.00",-15.68%,35.30,35.85,36.40,35.63,unch,unch,0,502,+1,28.57%,-0.0812,Put,02/23/26
"5,820.00",-15.53%,35.70,36.30,36.90,38.90,unch,unch,0,85,unch,28.45%,-0.0823,Put,02/18/26
"5,825.00",-15.46%,36.00,36.50,37.00,35.80,-2.29,-6.01%,1,687,+1,28.38%,-0.0829,Put,02/24/26
"5,830.00",-15.39%,36.20,36.80,37.40,36.90,+36.90,unch,16,108,unch,28.36%,-0.0837,Put,02/24/26
"5,840.00",-15.24%,36.70,37.30,37.90,36.80,+36.80,unch,5,45,unch,28.12%,-0.0841,Put,02/24/26
"5,850.00",-15.10%,37.30,37.70,38.10,37.10,-6.59,-15.08%,"2,052","2,024",+325,28.09%,-0.0859,Put,02/24/26
"5,860.00",-14.95%,37.80,38.30,38.80,45.60,unch,unch,0,121,unch,28.00%,-0.0873,Put,02/19/26
"5,870.00",-14.80%,38.30,38.80,39.30,48.06,unch,unch,0,324,unch,27.88%,-0.0886,Put,02/12/26
"5,875.00",-14.73%,38.60,39.00,39.40,47.39,unch,unch,0,"1,184",+250,27.81%,-0.0892,Put,02/23/26
"5,880.00",-14.66%,38.80,39.40,40.00,48.10,unch,unch,0,478,+40,27.78%,-0.0900,Put,02/23/26
"5,890.00",-14.51%,39.40,39.90,40.40,42.20,unch,unch,0,171,unch,27.66%,-0.0913,Put,02/19/26
"5,900.00",-14.37%,39.90,40.35,40.80,40.10,-8.90,-18.16%,505,"7,267",-132,27.48%,-0.0922,Put,02/24/26
"5,910.00",-14.22%,40.50,41.10,41.70,40.50,+40.50,unch,9,307,unch,27.34%,-0.0934,Put,02/24/26
"5,920.00",-14.08%,41.10,41.60,42.10,47.10,unch,unch,0,60,+26,27.33%,-0.0955,Put,02/23/26
"5,925.00",-14.01%,41.40,41.80,42.20,41.72,-9.43,-18.44%,1,"1,737",unch,27.24%,-0.0960,Put,02/24/26
"5,930.00",-13.93%,41.70,42.20,42.70,43.10,unch,unch,0,248,unch,27.22%,-0.0970,Put,02/09/26
"5,940.00",-13.79%,42.20,42.75,43.30,42.28,+42.28,unch,22,578,unch,27.02%,-0.0978,Put,02/24/26
"5,950.00",-13.64%,42.90,43.30,43.70,42.30,-8.90,-17.38%,6,"1,389",+20,26.99%,-0.0998,Put,02/24/26
"5,960.00",-13.50%,43.50,44.10,44.70,52.70,unch,unch,0,216,unch,26.91%,-0.1016,Put,02/19/26
"5,970.00",-13.35%,44.10,44.65,45.20,45.72,unch,unch,0,410,unch,26.79%,-0.1031,Put,02/11/26
"5,975.00",-13.28%,44.40,44.85,45.30,44.65,-6.95,-13.47%,1,"4,501","+2,976",26.68%,-0.1035,Put,02/24/26
"5,980.00",-13.21%,44.70,45.25,45.80,51.00,unch,unch,0,195,unch,26.67%,-0.1046,Put,02/18/26
"5,990.00",-13.06%,45.40,45.95,46.50,54.75,unch,unch,0,374,+107,26.57%,-0.1063,Put,02/23/26
"6,000.00",-12.92%,46.00,46.45,46.90,46.60,-9.94,-17.58%,"1,768","48,125",-90,26.46%,-0.1079,Put,02/24/26
"6,010.00",-12.77%,46.70,47.25,47.80,63.30,unch,unch,0,326,unch,26.35%,-0.1096,Put,02/12/26
"6,020.00",-12.63%,47.40,48.00,48.60,46.80,+46.80,unch,1,471,unch,26.25%,-0.1113,Put,02/24/26
"6,025.00",-12.56%,47.70,48.15,48.60,49.10,unch,unch,0,"1,818",unch,26.16%,-0.1119,Put,02/18/26
"6,030.00",-12.48%,48.10,48.65,49.20,58.40,unch,unch,0,116,unch,26.13%,-0.1130,Put,02/19/26
"6,040.00",-12.34%,48.80,49.35,49.90,59.18,unch,unch,0,281,+60,26.02%,-0.1147,Put,02/23/26
"6,050.00",-12.19%,49.50,49.95,50.40,51.62,-6.38,-11.00%,805,"3,819",+10,25.90%,-0.1164,Put,02/24/26
"6,060.00",-12.05%,50.20,50.85,51.50,59.66,unch,unch,0,36,unch,25.82%,-0.1184,Put,02/19/26
"6,070.00",-11.90%,51.00,51.55,52.10,62.40,unch,unch,0,28,unch,25.70%,-0.1203,Put,02/23/26
"6,075.00",-11.83%,51.40,51.85,52.30,51.30,unch,unch,0,"1,264",+10,25.63%,-0.1211,Put,02/23/26
"6,080.00",-11.76%,51.70,52.30,52.90,52.70,-9.97,-15.91%,11,119,+60,25.65%,-0.1226,Put,02/24/26
"6,090.00",-11.61%,52.50,53.15,53.80,53.60,+53.60,unch,11,76,unch,25.56%,-0.1247,Put,02/24/26
"6,100.00",-11.47%,53.30,53.75,54.20,53.80,-11.60,-17.74%,523,"4,584",+27,25.37%,-0.1259,Put,02/24/26
"6,110.00",-11.32%,54.10,54.75,55.40,53.90,-8.90,-14.17%,2,589,-1,25.28%,-0.1281,Put,02/24/26
"6,120.00",-11.18%,54.90,55.50,56.10,55.85,+55.85,unch,5,192,unch,25.22%,-0.1305,Put,02/24/26
"6,125.00",-11.10%,55.30,55.80,56.30,56.60,-9.87,-14.85%,23,"1,642",+1,25.09%,-0.1309,Put,02/24/26
"6,130.00",-11.03%,55.70,56.30,56.90,55.50,+55.50,unch,25,152,unch,25.05%,-0.1320,Put,02/24/26
"6,140.00",-10.89%,56.60,57.25,57.90,57.70,+57.70,unch,19,188,unch,25.03%,-0.1348,Put,02/24/26
"6,150.00",-10.74%,57.40,57.90,58.40,56.09,-1.11,-1.94%,1,"3,529",+47,24.82%,-0.1361,Put,02/24/26
"6,160.00",-10.60%,58.30,58.80,59.30,57.70,+57.70,unch,56,526,unch,24.72%,-0.1383,Put,02/24/26
"6,170.00",-10.45%,59.20,59.85,60.50,58.90,+58.90,unch,5,394,unch,24.64%,-0.1407,Put,02/24/26
"6,175.00",-10.38%,59.70,60.15,60.60,59.35,-12.80,-17.74%,1,"1,938",unch,24.56%,-0.1416,Put,02/24/26
"6,180.00",-10.31%,60.10,60.75,61.40,67.14,unch,unch,0,236,unch,24.53%,-0.1429,Put,02/12/26
"6,190.00",-10.16%,61.00,61.70,62.40,63.30,-10.30,-13.99%,3,85,+1,24.43%,-0.1452,Put,02/24/26
"6,200.00",-10.02%,62.00,62.50,63.00,62.52,+0.78,+1.26%,50,"9,101",+364,24.30%,-0.1474,Put,02/25/26
"6,210.00",-9.87%,62.90,63.60,64.30,67.55,unch,unch,0,806,unch,24.21%,-0.1499,Put,02/18/26
"6,220.00",-9.73%,63.90,64.50,65.10,72.00,unch,unch,0,111,unch,24.10%,-0.1522,Put,02/18/26
"6,225.00",-9.65%,64.40,64.90,65.40,63.77,-14.81,-18.85%,72,"1,519",-7,24.03%,-0.1533,Put,02/24/26
"6,230.00",-9.58%,64.90,65.40,65.90,65.40,-12.80,-16.37%,25,53,+4,23.98%,-0.1545,Put,02/24/26
"6,240.00",-9.43%,65.90,66.40,66.90,65.50,-9.00,-12.08%,24,204,+2,23.87%,-0.1570,Put,02/24/26
"6,250.00",-9.29%,66.90,67.40,67.90,66.80,-13.80,-17.12%,41,"4,031",+6,23.76%,-0.1595,Put,02/24/26
"6,260.00",-9.14%,68.00,68.45,68.90,69.40,-11.94,-14.68%,61,385,-154,23.66%,-0.1621,Put,02/24/26
"6,270.00",-9.00%,69.00,69.70,70.40,68.70,-12.87,-15.78%,1,423,unch,23.57%,-0.1650,Put,02/24/26
"6,275.00",-8.93%,69.40,70.15,70.90,69.80,-15.25,-17.93%,11,489,+1,23.47%,-0.1658,Put,02/24/26
"6,280.00",-8.85%,70.00,70.70,71.40,70.00,-15.30,-17.94%,4,424,unch,23.37%,-0.1667,Put,02/24/26
"6,290.00",-8.71%,71.20,71.85,72.50,72.30,-13.30,-15.54%,8,210,+1,23.41%,-0.1708,Put,02/24/26
"6,300.00",-8.56%,72.40,72.90,73.40,72.30,-16.58,-18.65%,"2,207","5,799",+5,23.24%,-0.1730,Put,02/24/26
"6,310.00",-8.42%,73.30,74.00,74.70,74.50,+1.27,+1.73%,7,199,unch,23.19%,-0.1763,Put,02/24/26
"6,320.00",-8.27%,74.50,75.25,76.00,81.10,unch,unch,0,187,unch,23.03%,-0.1787,Put,02/18/26
"6,325.00",-8.20%,75.20,75.70,76.20,75.65,-13.15,-14.81%,1,953,+1,22.96%,-0.1800,Put,02/24/26
"6,330.00",-8.13%,75.60,76.40,77.20,77.65,+77.65,unch,9,405,unch,22.92%,-0.1816,Put,02/24/26
"6,340.00",-7.98%,76.80,77.60,78.40,78.85,+78.85,unch,17,425,unch,22.82%,-0.1845,Put,02/24/26
"6,350.00",-7.84%,78.20,78.70,79.20,77.63,-17.42,-18.33%,815,"3,154",+203,22.70%,-0.1874,Put,02/24/26
"6,360.00",-7.69%,79.50,80.00,80.50,78.83,-15.88,-16.77%,54,"1,583",+1,22.60%,-0.1905,Put,02/24/26
"6,370.00",-7.55%,80.50,81.25,82.00,81.85,unch,unch,0,209,unch,22.49%,-0.1936,Put,02/12/26
"6,375.00",-7.48%,81.40,81.90,82.40,80.85,-15.35,-15.96%,21,"2,547",+21,22.44%,-0.1952,Put,02/24/26
"6,380.00",-7.40%,82.00,82.50,83.00,83.60,-11.89,-12.45%,63,442,+64,22.38%,-0.1967,Put,02/24/26
"6,390.00",-7.26%,83.10,83.85,84.60,101.60,unch,unch,0,774,+392,22.27%,-0.1999,Put,02/23/26
"6,400.00",-7.11%,84.60,85.15,85.70,83.97,-18.63,-18.16%,603,"9,876",+71,22.16%,-0.2032,Put,02/24/26
"6,410.00",-6.97%,85.80,86.60,87.40,89.00,-14.00,-13.59%,3,126,unch,22.07%,-0.2066,Put,02/24/26
"6,420.00",-6.82%,87.40,87.90,88.40,90.77,-3.33,-3.54%,480,654,+3,21.95%,-0.2099,Put,02/24/26
"6,425.00",-6.75%,88.10,88.60,89.10,89.50,-13.15,-12.81%,6,"1,860",unch,21.90%,-0.2116,Put,02/24/26
"6,430.00",-6.68%,88.60,89.40,90.20,89.00,unch,unch,0,461,unch,21.85%,-0.2134,Put,02/18/26
"6,440.00",-6.53%,90.00,90.80,91.60,89.00,+89.00,unch,2,317,unch,21.74%,-0.2168,Put,02/24/26
"6,445.00",-6.46%,90.70,91.55,92.40,0.00,unch,unch,0,0,unch,21.69%,-0.2187,Put,N/A
"6,450.00",-6.39%,91.60,92.15,92.70,91.34,-18.86,-17.11%,210,"5,411",+466,21.62%,-0.2203,Put,02/24/26
"6,455.00",-6.31%,92.20,93.05,93.90,0.00,unch,unch,0,0,unch,21.59%,-0.2223,Put,N/A
"6,460.00",-6.24%,92.90,93.70,94.50,91.90,-14.39,-13.54%,1,381,+3,21.52%,-0.2240,Put,02/24/26
"6,465.00",-6.17%,93.60,94.50,95.40,0.00,unch,unch,0,0,unch,21.47%,-0.2259,Put,N/A
"6,470.00",-6.10%,94.60,95.15,95.70,93.20,-10.00,-9.69%,47,126,+3,21.41%,-0.2276,Put,02/24/26
"6,475.00",-6.02%,95.30,95.90,96.50,95.60,+95.60,unch,11,"2,788",unch,21.32%,-0.2292,Put,02/24/26
"6,480.00",-5.95%,96.10,96.65,97.20,94.80,-20.00,-17.42%,148,700,+30,21.30%,-0.2314,Put,02/24/26
"6,485.00",-5.88%,96.70,97.55,98.40,115.00,unch,unch,0,93,+89,21.26%,-0.2334,Put,02/23/26
"6,490.00",-5.81%,97.50,98.30,99.10,96.40,-19.70,-16.97%,7,782,+103,21.20%,-0.2354,Put,02/24/26
"6,495.00",-5.73%,98.30,99.15,100.00,112.43,+1.46,+1.32%,1,61,+60,21.15%,-0.2374,Put,02/24/26
"6,500.00",-5.66%,99.30,99.85,100.40,99.40,-21.55,-17.82%,"3,142","6,772",+64,21.04%,-0.2388,Put,02/24/26
"6,505.00",-5.59%,99.90,100.75,101.60,100.20,+100.20,unch,5,0,unch,20.99%,-0.2407,Put,02/24/26
"6,510.00",-5.52%,100.70,101.50,102.30,101.00,+101.00,unch,16,734,unch,20.93%,-0.2427,Put,02/24/26
"6,515.00",-5.44%,101.70,102.30,102.90,101.80,-20.55,-16.80%,136,13,+13,20.87%,-0.2447,Put,02/24/26
"6,520.00",-5.37%,102.50,103.10,103.70,102.80,+102.80,unch,169,114,unch,20.84%,-0.2468,Put,02/24/26
"6,525.00",-5.30%,103.40,103.95,104.50,103.50,+103.50,unch,186,984,unch,20.77%,-0.2488,Put,02/24/26
"6,530.00",-5.23%,104.20,104.75,105.30,104.30,-7.40,-6.62%,208,135,+5,20.71%,-0.2509,Put,02/24/26
"6,535.00",-5.15%,105.00,105.60,106.20,105.20,-3.55,-3.26%,70,281,+1,20.66%,-0.2530,Put,02/24/26
"6,540.00",-5.08%,105.90,106.45,107.00,106.00,-18.69,-14.99%,117,312,+121,20.60%,-0.2550,Put,02/24/26
"6,545.00",-5.01%,106.50,107.40,108.30,106.90,+1.37,+1.30%,5,100,unch,20.55%,-0.2572,Put,02/24/26
"6,550.00",-4.94%,107.60,108.20,108.80,104.69,-3.01,-2.79%,2,"2,348",+21,20.49%,-0.2594,Put,02/24/26
"6,555.00",-4.86%,108.30,109.20,110.10,108.60,+108.60,unch,6,31,unch,20.44%,-0.2615,Put,02/24/26
"6,560.00",-4.79%,109.20,110.10,111.00,107.80,-10.00,-8.49%,1,139,unch,20.44%,-0.2642,Put,02/24/26
"6,565.00",-4.72%,110.30,110.90,111.50,110.60,+110.60,unch,22,39,unch,20.35%,-0.2660,Put,02/24/26
"6,570.00",-4.65%,111.00,111.90,112.80,109.60,-2.30,-2.06%,1,182,+47,20.33%,-0.2685,Put,02/24/26
"6,575.00",-4.57%,112.10,112.65,113.20,112.20,-19.70,-14.94%,7,"2,755",+2,20.22%,-0.2702,Put,02/24/26
"6,580.00",-4.50%,112.80,113.65,114.50,110.83,+110.83,unch,11,74,unch,20.21%,-0.2729,Put,02/24/26
"6,585.00",-4.43%,113.70,114.60,115.50,114.00,-23.20,-16.91%,5,252,+152,20.10%,-0.2747,Put,02/24/26
"6,590.00",-4.36%,114.60,115.45,116.30,112.80,-10.00,-8.14%,18,252,unch,20.09%,-0.2773,Put,02/24/26
"6,595.00",-4.28%,115.60,116.55,117.50,115.90,-14.80,-11.32%,11,305,unch,19.99%,-0.2792,Put,02/24/26
"6,600.00",-4.21%,116.80,117.35,117.90,116.80,-22.40,-16.09%,254,"7,099",+308,19.93%,-0.2815,Put,02/24/26
"6,605.00",-4.14%,117.50,118.45,119.40,117.80,+117.80,unch,5,219,unch,19.88%,-0.2838,Put,02/24/26
"6,610.00",-4.06%,118.50,119.30,120.10,119.12,+0.12,+0.10%,50,55,unch,19.85%,-0.2865,Put,02/25/26
"6,615.00",-3.99%,119.50,120.40,121.30,118.60,+118.60,unch,1,125,unch,19.83%,-0.2891,Put,02/24/26
"6,620.00",-3.92%,120.40,121.25,122.10,120.70,-1.00,-0.82%,6,123,+1,19.71%,-0.2910,Put,02/24/26
"6,625.00",-3.85%,121.70,122.25,122.80,121.70,-22.30,-15.49%,4,"2,192",+1,19.66%,-0.2934,Put,02/24/26
"6,630.00",-3.77%,122.40,123.25,124.10,122.70,+122.70,unch,5,801,unch,19.60%,-0.2958,Put,02/24/26
"6,635.00",-3.70%,123.40,124.35,125.30,123.70,+123.70,unch,6,535,unch,19.54%,-0.2983,Put,02/24/26
"6,640.00",-3.63%,124.80,125.35,125.90,124.90,-21.08,-14.44%,25,205,+24,19.50%,-0.3008,Put,02/24/26
"6,645.00",-3.56%,125.50,126.45,127.40,125.70,+125.70,unch,6,56,unch,19.43%,-0.3032,Put,02/24/26
"6,650.00",-3.48%,126.80,127.35,127.90,126.80,-22.40,-15.01%,534,"2,881",+25,19.38%,-0.3057,Put,02/24/26
"6,655.00",-3.41%,127.60,128.55,129.50,128.30,-16.22,-11.22%,3,6,+1,19.36%,-0.3085,Put,02/24/26
"6,660.00",-3.34%,128.60,129.50,130.40,128.90,-24.10,-15.75%,6,564,-2,19.26%,-0.3108,Put,02/24/26
"6,665.00",-3.27%,129.70,130.65,131.60,131.50,-13.60,-9.37%,1,125,-3,19.34%,-0.3143,Put,02/24/26
"6,670.00",-3.19%,130.80,131.65,132.50,131.00,+131.00,unch,5,88,unch,19.14%,-0.3159,Put,02/24/26
"6,675.00",-3.12%,131.90,132.75,133.60,132.10,+132.10,unch,13,897,unch,19.09%,-0.3187,Put,02/24/26
"6,680.00",-3.05%,133.00,133.85,134.70,131.50,-18.43,-12.29%,1,54,+1,19.09%,-0.3217,Put,02/24/26
"6,685.00",-2.98%,134.10,135.05,136.00,132.70,+132.70,unch,1,25,unch,19.04%,-0.3244,Put,02/24/26
"6,690.00",-2.90%,135.20,136.05,136.90,137.30,-21.10,-13.32%,1,37,-2,18.97%,-0.3272,Put,02/24/26
"6,695.00",-2.83%,136.30,137.30,138.30,136.90,-23.30,-14.54%,1,110,+38,18.89%,-0.3297,Put,02/24/26
"6,700.00",-2.76%,137.80,138.35,138.90,135.33,-22.30,-14.15%,167,"6,436",+4,18.86%,-0.3326,Put,02/24/26
"6,705.00",-2.69%,138.60,139.60,140.60,139.40,+139.40,unch,2,4,unch,18.80%,-0.3353,Put,02/24/26
"6,710.00",-2.61%,140.10,140.70,141.30,141.90,-23.42,-14.17%,84,149,+1,18.75%,-0.3381,Put,02/24/26
"6,715.00",-2.54%,141.00,142.00,143.00,137.39,-4.31,-3.04%,1,270,unch,18.68%,-0.3408,Put,02/24/26
"6,720.00",-2.47%,142.20,143.05,143.90,143.90,+143.90,unch,3,82,unch,18.71%,-0.3442,Put,02/24/26
"6,725.00",-2.40%,143.70,144.25,144.80,145.10,-25.62,-15.01%,99,"1,086",+4,18.58%,-0.3465,Put,02/24/26
"6,730.00",-2.32%,144.60,145.50,146.40,146.70,-22.20,-13.14%,91,167,-3,18.52%,-0.3494,Put,02/24/26
"6,735.00",-2.25%,146.10,146.70,147.30,146.30,+146.30,unch,91,333,unch,18.43%,-0.3521,Put,02/24/26
"6,740.00",-2.18%,147.10,147.95,148.80,149.20,-20.60,-12.13%,2,228,+14,18.41%,-0.3552,Put,02/24/26
"6,745.00",-2.11%,148.30,149.30,150.30,148.80,-28.30,-15.98%,1,169,unch,18.32%,-0.3582,Put,02/24/26
"6,750.00",-2.03%,149.80,150.40,151.00,151.80,-23.30,-13.31%,34,"3,068",+21,18.29%,-0.3614,Put,02/24/26
"6,755.00",-1.96%,150.90,151.85,152.80,151.40,+151.40,unch,1,49,unch,18.21%,-0.3643,Put,02/24/26
"6,760.00",-1.89%,152.10,153.00,153.90,154.40,+154.40,unch,1,159,unch,18.18%,-0.3674,Put,02/24/26
"6,765.00",-1.82%,153.40,154.40,155.40,154.00,+154.00,unch,1,26,unch,18.10%,-0.3706,Put,02/24/26
"6,770.00",-1.74%,155.00,155.60,156.20,155.30,-18.33,-10.56%,107,187,unch,18.04%,-0.3737,Put,02/24/26
"6,775.00",-1.67%,156.40,157.00,157.60,155.72,-24.39,-13.54%,419,"2,070",+334,18.01%,-0.3769,Put,02/24/26
"6,780.00",-1.60%,157.70,158.30,158.90,159.70,+159.70,unch,97,78,unch,17.95%,-0.3800,Put,02/24/26
"6,785.00",-1.52%,158.80,159.80,160.80,159.50,+159.50,unch,1,184,unch,17.88%,-0.3831,Put,02/24/26
"6,790.00",-1.45%,160.20,161.05,161.90,162.50,-23.80,-12.78%,4,133,unch,17.84%,-0.3864,Put,02/24/26
"6,795.00",-1.38%,161.80,162.40,163.00,163.40,-23.03,-12.35%,76,99,+49,17.78%,-0.3895,Put,02/24/26
"6,800.00",-1.31%,163.20,163.80,164.40,165.30,-27.01,-14.05%,96,"15,946",+125,17.72%,-0.3928,Put,02/24/26
"6,805.00",-1.23%,164.30,165.35,166.40,166.20,+166.20,unch,2,139,unch,17.75%,-0.3963,Put,02/24/26
"6,810.00",-1.16%,165.70,166.70,167.70,168.10,-22.40,-11.76%,29,109,-1,17.61%,-0.3995,Put,02/24/26
"6,815.00",-1.09%,167.20,168.20,169.20,167.80,+167.80,unch,1,61,unch,17.53%,-0.4028,Put,02/24/26
"6,820.00",-1.02%,168.60,169.55,170.50,166.70,+166.70,unch,5,169,unch,17.49%,-0.4062,Put,02/24/26
"6,825.00",-0.94%,170.40,171.00,171.60,169.00,-26.54,-13.57%,10,"1,107",-203,17.44%,-0.4099,Put,02/24/26
"6,830.00",-0.87%,171.60,172.50,173.40,173.90,-29.19,-14.37%,30,138,+44,17.38%,-0.4132,Put,02/24/26
"6,835.00",-0.80%,173.10,174.10,175.10,173.60,-30.24,-14.84%,3,139,unch,17.29%,-0.4165,Put,02/24/26
"6,840.00",-0.73%,174.60,175.50,176.40,173.06,-25.19,-12.71%,6,89,unch,17.26%,-0.4201,Put,02/24/26
"6,845.00",-0.65%,176.10,177.15,178.20,178.20,-21.75,-10.88%,6,31,unch,17.30%,-0.4238,Put,02/24/26
"6,850.00",-0.58%,177.90,178.55,179.20,176.45,-32.99,-15.75%,"1,168","3,734",+6,17.15%,-0.4276,Put,02/24/26
"6,855.00",-0.51%,179.20,180.25,181.30,182.30,+182.30,unch,2,7,unch,17.10%,-0.4312,Put,02/24/26
"6,860.00",-0.44%,180.80,181.70,182.60,180.15,-27.85,-13.39%,9,129,unch,17.03%,-0.4347,Put,02/24/26
"6,865.00",-0.36%,182.40,183.45,184.50,181.22,+181.22,unch,2,95,unch,16.99%,-0.4386,Put,02/24/26
"6,870.00",-0.29%,184.00,184.90,185.80,183.25,-34.60,-15.88%,2,78,unch,16.91%,-0.4422,Put,02/24/26
"6,875.00",-0.22%,185.90,186.55,187.20,183.64,-28.66,-13.50%,13,"1,227",unch,16.86%,-0.4458,Put,02/24/26
"6,880.00",-0.15%,187.20,188.15,189.10,216.10,unch,unch,0,95,+4,16.80%,-0.4495,Put,02/23/26
"6,885.00",-0.07%,188.90,189.95,191.00,221.40,unch,unch,0,177,-1,16.75%,-0.4532,Put,02/23/26
"6,890.00",unch,190.60,191.60,192.60,187.33,-30.47,-13.99%,5,119,-1,16.69%,-0.4569,Put,02/24/26
"6,895.00",+0.07%,192.30,193.35,194.40,191.77,-28.95,-13.12%,3,64,+13,16.64%,-0.4609,Put,02/24/26
"6,900.00",+0.14%,194.20,194.85,195.50,194.57,-30.25,-13.46%,254,"7,076",+452,16.54%,-0.4646,Put,02/24/26
"6,905.00",+0.22%,195.70,196.75,197.80,198.60,-33.68,-14.50%,2,18,unch,16.52%,-0.4685,Put,02/24/26
"6,910.00",+0.29%,197.50,198.50,199.50,198.90,-25.60,-11.40%,8,130,+4,16.49%,-0.4728,Put,02/24/26
"6,915.00",+0.36%,199.40,200.10,200.80,200.55,+200.55,unch,74,41,unch,16.42%,-0.4767,Put,02/24/26
"6,920.00",+0.43%,201.00,202.00,203.00,197.04,unch,unch,0,246,unch,16.34%,-0.4807,Put,02/19/26
"6,925.00",+0.51%,203.00,203.70,204.40,196.30,unch,unch,0,"1,683",unch,16.27%,-0.4846,Put,02/19/26
"6,930.00",+0.58%,204.60,205.65,206.70,219.80,unch,unch,0,395,unch,16.22%,-0.4886,Put,02/18/26
"6,935.00",+0.65%,206.50,207.55,208.60,209.90,unch,unch,0,14,unch,16.17%,-0.4925,Put,02/17/26
"6,940.00",+0.72%,208.30,209.35,210.40,232.90,+232.90,unch,15,71,unch,16.11%,-0.4970,Put,02/24/26
"6,945.00",+0.80%,210.20,211.25,212.30,217.09,unch,unch,0,26,unch,16.05%,-0.5010,Put,02/18/26
"6,950.00",+0.87%,212.30,212.95,213.60,218.30,+218.30,unch,10,"2,225",unch,15.97%,-0.5057,Put,02/24/26
"6,955.00",+0.94%,214.20,214.90,215.60,210.17,-24.33,-10.38%,30,14,+1,15.92%,-0.5098,Put,02/24/26
"6,960.00",+1.01%,216.10,216.85,217.60,215.34,-35.36,-14.10%,2,"2,431",-4,15.86%,-0.5139,Put,02/24/26
"6,965.00",+1.09%,218.00,219.05,220.10,249.04,unch,unch,0,31,-1,15.82%,-0.5180,Put,02/23/26
"6,970.00",+1.16%,219.90,220.90,221.90,217.28,unch,unch,0,100,unch,15.75%,-0.5222,Put,02/17/26
"6,975.00",+1.23%,222.00,222.85,223.70,228.40,-24.69,-9.76%,2,"1,137",-1,15.69%,-0.5272,Put,02/24/26
"6,980.00",+1.31%,223.90,224.90,225.90,252.90,unch,unch,0,63,unch,15.63%,-0.5314,Put,02/19/26
"6,985.00",+1.38%,226.00,227.05,228.10,239.10,unch,unch,0,62,unch,15.58%,-0.5356,Put,02/12/26
"6,990.00",+1.45%,228.00,229.05,230.10,199.50,unch,unch,0,73,unch,15.51%,-0.5399,Put,02/09/26
"6,995.00",+1.52%,230.10,231.15,232.20,206.88,unch,unch,0,59,unch,15.46%,-0.5450,Put,02/10/26
"7,000.00",+1.60%,232.30,233.30,234.30,234.58,-20.07,-7.88%,10,"44,877",-46,15.40%,-0.5493,Put,02/24/26
"7,005.00",+1.67%,234.40,235.45,236.50,253.95,unch,unch,0,123,unch,15.34%,-0.5543,Put,02/12/26
"7,010.00",+1.74%,236.60,237.60,238.60,240.20,unch,unch,0,34,+14,15.28%,-0.5593,Put,02/23/26
"7,015.00",+1.81%,238.80,239.85,240.90,225.40,unch,unch,0,55,unch,15.23%,-0.5637,Put,02/03/26
"7,020.00",+1.89%,241.00,242.00,243.00,281.85,unch,unch,0,39,unch,15.16%,-0.5686,Put,02/17/26
"7,025.00",+1.96%,243.20,244.25,245.30,283.41,unch,unch,0,"1,260",unch,15.11%,-0.5731,Put,02/17/26
"7,030.00",+2.03%,245.50,246.50,247.50,262.60,unch,unch,0,439,unch,15.05%,-0.5776,Put,02/19/26
"7,035.00",+2.10%,247.80,248.80,249.80,283.93,unch,unch,0,6,unch,14.99%,-0.5821,Put,02/13/26
"7,040.00",+2.18%,250.10,251.10,252.10,271.54,unch,unch,0,80,unch,14.93%,-0.5874,Put,02/13/26
"7,045.00",+2.25%,252.40,253.40,254.40,271.82,unch,unch,0,4,unch,14.87%,-0.5920,Put,02/13/26
"7,050.00",+2.32%,254.80,255.80,256.80,267.43,unch,unch,0,"2,640",unch,14.81%,-0.5970,Put,02/18/26
"7,055.00",+2.39%,257.10,258.15,259.20,277.30,unch,unch,0,7,unch,14.75%,-0.6016,Put,02/19/26
"7,060.00",+2.47%,259.50,260.55,261.60,247.10,unch,unch,0,44,unch,14.69%,-0.6063,Put,02/11/26
"7,065.00",+2.54%,262.00,263.00,264.00,249.70,unch,unch,0,15,unch,14.63%,-0.6119,Put,02/09/26
"7,070.00",+2.61%,264.40,265.45,266.50,281.60,unch,unch,0,11,+2,14.57%,-0.6166,Put,02/23/26
"7,075.00",+2.68%,266.90,267.90,268.90,287.90,unch,unch,0,82,unch,14.51%,-0.6213,Put,02/19/26
"7,080.00",+2.76%,269.40,270.40,271.40,272.20,unch,unch,0,27,unch,14.45%,-0.6273,Put,01/23/26
"7,085.00",+2.83%,271.90,272.95,274.00,258.90,unch,unch,0,7,unch,14.39%,-0.6320,Put,02/09/26
"7,090.00",+2.90%,274.50,275.50,276.50,301.40,unch,unch,0,75,unch,14.33%,-0.6382,Put,02/12/26
"7,100.00",+3.05%,279.70,280.70,281.70,270.85,unch,unch,0,940,unch,14.20%,-0.6517,Put,02/19/26
"7,110.00",+3.19%,285.00,286.05,287.10,360.36,unch,unch,0,0,unch,14.08%,-0.6613,Put,12/15/25
"7,120.00",+3.34%,290.40,291.45,292.50,320.50,unch,unch,0,10,unch,13.95%,-0.6717,Put,02/06/26
"7,125.00",+3.41%,293.20,294.20,295.20,285.10,unch,unch,0,69,unch,13.89%,-0.6766,Put,02/06/26
"7,130.00",+3.48%,295.90,296.95,298.00,308.18,unch,unch,0,12,unch,13.82%,-0.6816,Put,12/12/25
"7,140.00",+3.63%,301.50,302.60,303.70,301.70,unch,unch,0,8,unch,13.70%,-0.6914,Put,01/23/26
"7,150.00",+3.77%,307.40,308.45,309.50,323.60,unch,unch,0,123,unch,13.58%,-0.7020,Put,02/18/26
"7,160.00",+3.92%,313.20,314.30,315.40,277.75,unch,unch,0,29,unch,13.45%,-0.7123,Put,01/09/26
"7,170.00",+4.06%,319.20,320.30,321.40,0.00,unch,unch,0,4,unch,13.32%,-0.7330,Put,N/A
"7,175.00",+4.14%,322.20,323.30,324.40,408.61,unch,unch,0,415,unch,13.24%,-0.7421,Put,02/17/26
"7,180.00",+4.21%,325.30,326.40,327.50,314.40,unch,unch,0,16,unch,13.17%,-0.7471,Put,01/23/26
"7,190.00",+4.35%,331.50,332.60,333.70,277.17,unch,unch,0,7,unch,13.02%,-0.7573,Put,12/24/25
"7,200.00",+4.50%,337.80,338.90,340.00,389.43,unch,unch,0,267,+1,12.86%,-0.7676,Put,02/23/26
"7,210.00",+4.64%,344.30,345.35,346.40,0.00,unch,unch,0,0,unch,12.71%,-0.7779,Put,N/A
"7,220.00",+4.79%,350.80,351.90,353.00,380.50,unch,unch,0,4,unch,12.55%,-0.7950,Put,12/12/25
"7,225.00",+4.86%,354.10,355.20,356.30,374.75,unch,unch,0,56,+1,12.46%,-0.8050,Put,02/23/26
"7,230.00",+4.93%,357.50,358.55,359.60,357.90,unch,unch,0,2,unch,12.37%,-0.8135,Put,02/13/26
"7,240.00",+5.08%,364.00,365.10,366.20,373.30,unch,unch,0,1,unch,12.15%,-0.8288,Put,12/23/25
"7,250.00",+5.22%,371.10,372.20,373.30,418.18,unch,unch,0,24,unch,11.96%,-0.8405,Put,02/23/26
"7,260.00",+5.37%,378.10,379.20,380.30,0.00,unch,unch,0,0,unch,11.73%,-0.8667,Put,N/A
"7,270.00",+5.51%,385.20,386.30,387.40,0.00,unch,unch,0,0,unch,11.43%,-0.8872,Put,N/A
"7,275.00",+5.59%,388.80,389.90,391.00,431.39,unch,unch,0,16,unch,11.26%,-0.8940,Put,12/11/25
"7,280.00",+5.66%,392.20,393.35,394.50,0.00,unch,unch,0,0,unch,11.05%,-0.9012,Put,N/A
"7,290.00",+5.80%,399.80,400.90,402.00,0.00,unch,unch,0,0,unch,10.50%,-0.9480,Put,N/A
"7,300.00",+5.95%,407.20,408.30,409.40,406.10,-40.22,-9.01%,60,28,+1,0.00%,0.0000,Put,02/24/26
"7,310.00",+6.09%,414.70,415.80,416.90,345.67,unch,unch,0,5,unch,0.00%,0.0000,Put,N/A
"7,320.00",+6.24%,422.10,423.25,424.40,0.00,unch,unch,0,0,unch,0.00%,0.0000,Put,N/A
"7,325.00",+6.31%,426.20,427.30,428.40,360.17,unch,unch,0,8,unch,0.00%,0.0000,Put,02/10/26
"7,330.00",+6.38%,430.10,431.20,432.30,0.00,unch,unch,0,0,unch,0.00%,0.0000,Put,N/A
"7,340.00",+6.53%,437.90,439.00,440.10,0.00,unch,unch,0,0,unch,0.00%,0.0000,Put,N/A
"7,350.00",+6.68%,445.80,446.95,448.10,456.54,unch,unch,0,6,unch,0.00%,0.0000,Put,12/11/25
"7,360.00",+6.82%,453.80,454.95,456.10,0.00,unch,unch,0,0,unch,0.00%,0.0000,Put,N/A
"7,370.00",+6.97%,461.90,463.05,464.20,0.00,unch,unch,0,0,unch,0.00%,0.0000,Put,N/A
"7,375.00",+7.04%,466.00,467.15,468.30,524.75,unch,unch,0,1,unch,0.00%,0.0000,Put,11/12/25
"7,380.00",+7.11%,470.10,471.25,472.40,0.00,unch,unch,0,0,unch,0.00%,0.0000,Put,N/A
"7,390.00",+7.26%,475.50,479.15,482.80,419.72,unch,unch,0,1,unch,0.00%,0.0000,Put,01/26/26
"7,400.00",+7.40%,483.90,487.55,491.20,452.43,unch,unch,0,91,unch,0.00%,0.0000,Put,01/30/26
"7,410.00",+7.55%,492.30,495.95,499.60,543.20,unch,unch,0,3,+3,0.00%,0.0000,Put,02/23/26
"7,420.00",+7.69%,501.20,504.45,507.70,439.97,unch,unch,0,1,unch,0.00%,0.0000,Put,01/27/26
"7,425.00",+7.76%,505.00,508.50,512.00,444.04,unch,unch,0,5,unch,0.00%,0.0000,Put,01/26/26
"7,430.00",+7.84%,509.30,512.80,516.30,447.52,unch,unch,0,1,unch,0.00%,0.0000,Put,01/27/26
"7,450.00",+8.13%,526.70,530.25,533.80,458.00,unch,unch,0,"2,064",unch,0.00%,0.0000,Put,01/15/26
"7,475.00",+8.49%,548.70,552.30,555.90,489.75,unch,unch,0,3,unch,0.00%,0.0000,Put,01/07/26
"7,500.00",+8.85%,571.20,574.85,578.50,585.61,unch,unch,0,274,unch,0.00%,0.0000,Put,02/12/26
"7,525.00",+9.22%,593.90,597.60,601.30,0.00,unch,unch,0,0,unch,0.00%,0.0000,Put,N/A
"7,550.00",+9.58%,616.90,620.65,624.40,0.00,unch,unch,0,0,unch,0.00%,0.0000,Put,N/A
"7,575.00",+9.94%,640.20,644.00,647.80,657.70,unch,unch,0,2,unch,0.00%,0.0000,Put,10/31/25
"7,600.00",+10.30%,663.80,667.60,671.40,693.87,unch,unch,0,3,unch,0.00%,0.0000,Put,11/10/25
"7,625.00",+10.67%,687.50,691.35,695.20,0.00,unch,unch,0,0,unch,0.00%,0.0000,Put,N/A
"7,650.00",+11.03%,711.30,715.20,719.10,714.51,-50.27,-6.57%,25,60,+60,0.00%,0.0000,Put,02/24/26
"7,675.00",+11.39%,735.30,739.20,743.10,0.00,unch,unch,0,0,unch,0.00%,0.0000,Put,N/A
"7,700.00",+11.76%,759.40,763.35,767.30,717.40,unch,unch,0,5,unch,0.00%,0.0000,Put,01/08/26
"7,725.00",+12.12%,783.60,787.70,791.80,0.00,unch,unch,0,0,unch,0.00%,0.0000,Put,N/A
"7,750.00",+12.48%,808.10,812.00,815.90,"1,035.31",unch,unch,0,1,unch,0.00%,0.0000,Put,11/20/25
"7,775.00",+12.84%,832.40,836.45,840.50,0.00,unch,unch,0,0,unch,0.00%,0.0000,Put,N/A
"7,800.00",+13.21%,856.80,860.85,864.90,850.20,unch,unch,0,1,unch,0.00%,0.0000,Put,12/04/25
"7,825.00",+13.57%,881.30,885.25,889.20,0.00,unch,unch,0,0,unch,0.00%,0.0000,Put,N/A
"7,850.00",+13.93%,905.70,909.75,913.80,0.00,unch,unch,0,0,unch,0.00%,0.0000,Put,N/A
"7,875.00",+14.29%,930.30,934.45,938.60,0.00,unch,unch,0,0,unch,0.00%,0.0000,Put,N/A
"7,900.00",+14.66%,954.80,959.00,963.20,873.64,unch,unch,0,1,unch,0.00%,0.0000,Put,01/26/26
"7,950.00",+15.38%,"1,004.00","1,008.25","1,012.50",0.00,unch,unch,0,0,unch,0.00%,0.0000,Put,N/A
"8,000.00",+16.11%,"1,053.30","1,057.80","1,062.30","1,061.02","+1,061.02",unch,9,"1,210",unch,0.00%,0.0000,Put,02/24/26
"8,100.00",+17.56%,"1,144.50","1,156.50","1,168.50",0.00,unch,unch,0,0,unch,0.00%,0.0000,Put,N/A
"8,200.00",+19.01%,"1,243.40","1,255.40","1,267.40",0.00,unch,unch,0,0,unch,0.00%,0.0000,Put,N/A
"8,300.00",+20.46%,"1,342.40","1,354.40","1,366.40",0.00,unch,unch,0,0,unch,0.00%,0.0000,Put,N/A
"8,400.00",+21.91%,"1,441.40","1,453.40","1,465.40",0.00,unch,unch,0,0,unch,0.00%,0.0000,Put,N/A
"8,500.00",+23.37%,"1,540.50","1,552.50","1,564.50",0.00,unch,unch,0,0,unch,0.00%,0.0000,Put,N/A
"8,600.00",+24.82%,"1,639.50","1,651.50","1,663.50",0.00,unch,unch,0,0,unch,0.00%,0.0000,Put,N/A
"8,800.00",+27.72%,"1,837.60","1,849.60","1,861.60",0.00,unch,unch,0,0,unch,0.00%,0.0000,Put,N/A
"9,000.00",+30.62%,"2,035.80","2,047.80","2,059.80","1,961.96",unch,unch,0,3,unch,0.00%,0.0000,Put,01/16/26
"9,200.00",+33.53%,"2,234.00","2,246.00","2,258.00","2,181.19",unch,unch,0,1,unch,0.00%,0.0000,Put,01/05/26
"9,600.00",+39.33%,"2,630.40","2,642.40","2,654.40",0.00,unch,unch,0,0,unch,0.00%,0.0000,Put,N/A
"10,000.00",+45.14%,"3,026.80","3,038.80","3,050.80","3,061.68",unch,unch,0,662,unch,0.00%,0.0000,Put,02/06/26
"10,400.00",+50.94%,"3,423.20","3,435.20","3,447.20","3,421.92",unch,unch,0,18,unch,0.00%,0.0000,Put,01/30/26
"10,800.00",+56.75%,"3,819.60","3,831.60","3,843.60",0.00,unch,unch,0,0,unch,0.00%,0.0000,Put,N/A
"11,200.00",+62.55%,"4,216.00","4,228.00","4,240.00","4,190.84",unch,unch,0,2,unch,0.00%,0.0000,Put,12/01/25
"11,600.00",+68.36%,"4,612.40","4,624.40","4,636.40",0.00,unch,unch,0,0,unch,0.00%,0.0000,Put,N/A
"12,000.00",+74.16%,"5,008.80","5,020.80","5,032.80","4,972.14",unch,unch,0,2,unch,0.00%,0.0000,Put,02/06/26
"12,400.00",+79.97%,"5,405.20","5,417.20","5,429.20",0.00,unch,unch,0,0,unch,0.00%,0.0000,Put,N/A
"Downloaded from Barchart.com as of 02-25-2026 02:19am CST"
